rep_id,target_amount,month_start
R01,109760.0,2025-01-01
R01,108440.0,2025-02-01
R01,102910.0,2025-03-01
R01,109640.0,2025-04-01
R01,134440.0,2025-05-01
R01,92780.0,2025-06-01
R01,149480.0,2025-07-01
R01,82630.0,2025-08-01
R01,117400.0,2025-09-01
R01,92790.0,2025-10-01
R01,106520.0,2025-11-01
R01,158810.0,2025-12-01
R01,113670.0,2026-01-01
R01,125290.0,2026-02-01
R01,105340.0,2026-03-01
R01,143530.0,2026-04-01
R01,101390.0,2026-05-01
R01,157670.0,2026-06-01
R01,148610.0,2026-07-01
R01,122150.0,2026-08-01
R01,147400.0,2026-09-01
R02,100870.0,2025-01-01
R02,107650.0,2025-02-01
R02,101830.0,2025-03-01
R02,112350.0,2025-04-01
R02,127480.0,2025-05-01
R02,116160.0,2025-06-01
R02,119700.0,2025-07-01
R02,132630.0,2025-08-01
R02,140810.0,2025-09-01
R02,122670.0,2025-10-01
R02,116100.0,2025-11-01
R02,107390.0,2025-12-01
R02,116550.0,2026-01-01
R02,101120.0,2026-02-01
R02,155390.0,2026-03-01
R02,120780.0,2026-04-01
R02,128470.0,2026-05-01
R02,138790.0,2026-06-01
R02,102550.0,2026-07-01
R02,150150.0,2026-08-01
R02,166220.0,2026-09-01
R03,95150.0,2025-01-01
R03,99670.0,2025-02-01
R03,110070.0,2025-03-01
R03,95720.0,2025-04-01
R03,138940.0,2025-05-01
R03,98950.0,2025-06-01
R03,121220.0,2025-07-01
R03,93260.0,2025-08-01
R03,125010.0,2025-09-01
R03,134280.0,2025-10-01
R03,162820.0,2025-11-01
R03,148430.0,2025-12-01
R03,115670.0,2026-01-01
R03,98560.0,2026-02-01
R03,146110.0,2026-03-01
R03,191310.0,2026-04-01
R03,158350.0,2026-05-01
R03,117510.0,2026-06-01
R03,109550.0,2026-07-01
R03,136890.0,2026-08-01
R03,165750.0,2026-09-01
R04,90170.0,2025-01-01
R04,86120.0,2025-02-01
R04,102320.0,2025-03-01
R04,86330.0,2025-04-01
R04,78100.0,2025-05-01
R04,104410.0,2025-06-01
R04,90540.0,2025-07-01
R04,129170.0,2025-08-01
R04,107830.0,2025-09-01
R04,148190.0,2025-10-01
R04,102130.0,2025-11-01
R04,132080.0,2025-12-01
R04,65320.0,2026-01-01
R04,149180.0,2026-02-01
R04,117110.0,2026-03-01
R04,110930.0,2026-04-01
R04,145720.0,2026-05-01
R04,107170.0,2026-06-01
R04,124530.0,2026-07-01
R04,92800.0,2026-08-01
R04,145880.0,2026-09-01
R05,72140.0,2025-01-01
R05,72890.0,2025-02-01
R05,81810.0,2025-03-01
R05,144400.0,2025-04-01
R05,120480.0,2025-05-01
R05,109170.0,2025-06-01
R05,126890.0,2025-07-01
R05,94930.0,2025-08-01
R05,103830.0,2025-09-01
R05,128360.0,2025-10-01
R05,111280.0,2025-11-01
R05,126020.0,2025-12-01
R05,114900.0,2026-01-01
R05,81180.0,2026-02-01
R05,131270.0,2026-03-01
R05,131460.0,2026-04-01
R05,116370.0,2026-05-01
R05,91440.0,2026-06-01
R05,112830.0,2026-07-01
R05,134220.0,2026-08-01
R05,127760.0,2026-09-01
R06,74600.0,2025-01-01
R06,93780.0,2025-02-01
R06,73900.0,2025-03-01
R06,112860.0,2025-04-01
R06,102195.0,2025-05-01
R06,91530.0,2025-06-01
R06,75750.0,2025-07-01
R06,95340.0,2025-08-01
R06,129640.0,2025-09-01
R06,91490.0,2025-10-01
R06,107580.0,2025-11-01
R06,123670.0,2025-12-01
R06,163280.0,2026-01-01
R06,99300.0,2026-02-01
R06,125060.0,2026-03-01
R06,114820.0,2026-04-01
R06,131810.0,2026-05-01
R06,123780.0,2026-06-01
R06,129460.0,2026-07-01
R06,98130.0,2026-08-01
R06,125580.0,2026-09-01
R07,100030.0,2025-01-01
R07,83770.0,2025-02-01
R07,88590.0,2025-03-01
R07,89740.0,2025-04-01
R07,110890.0,2025-05-01
R07,103150.0,2025-06-01
R07,93700.0,2025-07-01
R07,112050.0,2025-08-01
R07,109855.0,2025-09-01
R07,107660.0,2025-10-01
R07,99880.0,2025-11-01
R07,166330.0,2025-12-01
R07,107140.0,2026-01-01
R07,85970.0,2026-02-01
R07,112630.0,2026-03-01
R07,152110.0,2026-04-01
R07,147840.0,2026-05-01
R07,143570.0,2026-06-01
R07,96310.0,2026-07-01
R07,102370.0,2026-08-01
R07,164560.0,2026-09-01
R08,62080.0,2025-01-01
R08,66680.0,2025-02-01
R08,53120.0,2025-03-01
R08,80190.0,2025-04-01
R08,55660.0,2025-05-01
R08,80500.0,2025-06-01
R08,65550.0,2025-07-01
R08,80850.0,2025-08-01
R08,78740.0,2025-09-01
R08,67530.0,2025-10-01
R08,67690.0,2025-11-01
R08,95350.0,2025-12-01
R08,67860.0,2026-01-01
R08,66800.0,2026-02-01
R08,73470.0,2026-03-01
R08,68470.0,2026-04-01
R08,87640.0,2026-05-01
R08,66180.0,2026-06-01
R08,83900.0,2026-07-01
R08,77290.0,2026-08-01
R08,103150.0,2026-09-01
R09,67530.0,2025-01-01
R09,51120.0,2025-02-01
R09,61830.0,2025-03-01
R09,127660.0,2025-04-01
R09,75380.0,2025-05-01
R09,82840.0,2025-06-01
R09,82500.0,2025-07-01
R09,50270.0,2025-08-01
R09,65440.0,2025-09-01
R09,97280.0,2025-10-01
R09,85240.0,2025-11-01
R09,91050.0,2025-12-01
R09,56600.0,2026-01-01
R09,85420.0,2026-02-01
R09,99110.0,2026-03-01
R09,97310.0,2026-04-01
R09,92090.0,2026-05-01
R09,102530.0,2026-06-01
R09,85580.0,2026-07-01
R09,119740.0,2026-08-01
R09,72630.0,2026-09-01
R10,95240.0,2025-01-01
R10,82880.0,2025-02-01
R10,99500.0,2025-03-01
R10,111940.0,2025-04-01
R10,62680.0,2025-05-01
R10,92930.0,2025-06-01
R10,95010.0,2025-07-01
R10,86750.0,2025-08-01
R10,88940.0,2025-09-01
R10,117240.0,2025-10-01
R10,123140.0,2025-11-01
R10,129660.0,2025-12-01
R10,117850.0,2026-01-01
R10,122160.0,2026-02-01
R10,94360.0,2026-03-01
R10,123070.0,2026-04-01
R10,144850.0,2026-05-01
R10,119630.0,2026-06-01
R10,124230.0,2026-07-01
R10,86780.0,2026-08-01
R10,141060.0,2026-09-01
R11,52480.0,2025-01-01
R11,66030.0,2025-02-01
R11,64260.0,2025-03-01
R11,68510.0,2025-04-01
R11,45890.0,2025-05-01
R11,52520.0,2025-06-01
R11,68390.0,2025-07-01
R11,71870.0,2025-08-01
R11,68160.0,2025-09-01
R11,65460.0,2025-10-01
R11,62860.0,2025-11-01
R11,155570.0,2025-12-01
R11,60910.0,2026-01-01
R11,84720.0,2026-02-01
R11,70550.0,2026-03-01
R11,86810.0,2026-04-01
R11,69380.0,2026-05-01
R11,67070.0,2026-06-01
R11,81940.0,2026-07-01
R11,80380.0,2026-08-01
R11,71300.0,2026-09-01
R12,48690.0,2025-01-01
R12,75880.0,2025-02-01
R12,54770.0,2025-03-01
R12,82840.0,2025-04-01
R12,43160.0,2025-05-01
R12,46990.0,2025-06-01
R12,61780.0,2025-07-01
R12,30270.0,2025-08-01
R12,57380.0,2025-09-01
R12,105500.0,2025-10-01
R12,59720.0,2025-11-01
R12,94750.0,2025-12-01
R12,53520.0,2026-01-01
R12,85400.0,2026-02-01
R12,75210.0,2026-03-01
R12,80500.0,2026-04-01
R12,57230.0,2026-05-01
R12,89690.0,2026-06-01
R12,60540.0,2026-07-01
R12,85880.0,2026-08-01
R12,88800.0,2026-09-01
R13,56750.0,2025-01-01
R13,74780.0,2025-02-01
R13,75140.0,2025-03-01
R13,48450.0,2025-04-01
R13,58190.0,2025-05-01
R13,73140.0,2025-06-01
R13,66460.0,2025-07-01
R13,66490.0,2025-08-01
R13,70000.0,2025-09-01
R13,63160.0,2025-10-01
R13,54070.0,2025-11-01
R13,96370.0,2025-12-01
R13,39580.0,2026-01-01
R13,51070.0,2026-02-01
R13,58170.0,2026-03-01
R13,61330.0,2026-04-01
R13,58670.0,2026-05-01
R13,53920.0,2026-06-01
R13,62600.0,2026-07-01
R13,76730.0,2026-08-01
R13,84570.0,2026-09-01
R14,50070.0,2025-01-01
R14,81690.0,2025-02-01
R14,42130.0,2025-03-01
R14,69270.0,2025-04-01
R14,31070.0,2025-05-01
R14,48790.0,2025-06-01
R14,94110.0,2025-07-01
R14,50350.0,2025-08-01
R14,54230.0,2025-09-01
R14,68830.0,2025-10-01
R14,69530.0,2025-11-01
R14,68940.0,2025-12-01
R14,54920.0,2026-01-01
R14,88310.0,2026-02-01
R14,78320.0,2026-03-01
R14,73970.0,2026-04-01
R14,52450.0,2026-05-01
R14,65160.0,2026-06-01
R14,46000.0,2026-07-01
R14,82030.0,2026-08-01
R14,69640.0,2026-09-01
R15,25550.0,2025-01-01
R15,28100.0,2025-02-01
R15,18870.0,2025-03-01
R15,18920.0,2025-04-01
R15,27960.0,2025-05-01
R15,24070.0,2025-06-01
R15,18530.0,2025-07-01
R15,25490.0,2025-08-01
R15,29080.0,2025-09-01
R15,26810.0,2025-10-01
R15,20840.0,2025-11-01
R15,40680.0,2025-12-01
R15,21500.0,2026-01-01
R15,22230.0,2026-02-01
R15,27800.0,2026-03-01
R15,22320.0,2026-04-01
R15,31730.0,2026-05-01
R15,18100.0,2026-06-01
R15,31120.0,2026-07-01
R15,30590.0,2026-08-01
R15,39990.0,2026-09-01
R16,39980.0,2025-01-01
R16,49930.0,2025-02-01
R16,64730.0,2025-03-01
R16,60510.0,2025-04-01
R16,62850.0,2025-05-01
R16,41820.0,2025-06-01
R16,67310.0,2025-07-01
R16,42680.0,2025-08-01
R16,70170.0,2025-09-01
R16,61130.0,2025-10-01
R16,57330.0,2025-11-01
R16,87870.0,2025-12-01
R16,51130.0,2026-01-01
R16,64240.0,2026-02-01
R16,56570.0,2026-03-01
R16,70220.0,2026-04-01
R16,64160.0,2026-05-01
R16,48200.0,2026-06-01
R16,78200.0,2026-07-01
R16,69620.0,2026-08-01
R16,55800.0,2026-09-01
R17,36200.0,2025-01-01
R17,49420.0,2025-02-01
R17,44030.0,2025-03-01
R17,74700.0,2025-04-01
R17,66140.0,2025-05-01
R17,38240.0,2025-06-01
R17,47720.0,2025-07-01
R17,63000.0,2025-08-01
R17,29910.0,2025-09-01
R17,50360.0,2025-10-01
R17,68700.0,2025-11-01
R17,94930.0,2025-12-01
R17,47310.0,2026-01-01
R17,53560.0,2026-02-01
R17,53680.0,2026-03-01
R17,70000.0,2026-04-01
R17,66120.0,2026-05-01
R17,55120.0,2026-06-01
R17,52470.0,2026-07-01
R17,75710.0,2026-08-01
R17,61030.0,2026-09-01
R18,29470.0,2025-01-01
R18,30870.0,2025-02-01
R18,25750.0,2025-03-01
R18,26000.0,2025-04-01
R18,26430.0,2025-05-01
R18,23250.0,2025-06-01
R18,28510.0,2025-07-01
R18,25210.0,2025-08-01
R18,26140.0,2025-09-01
R18,40190.0,2025-10-01
R18,35790.0,2025-11-01
R18,28860.0,2025-12-01
R18,22570.0,2026-01-01
R18,24260.0,2026-02-01
R18,24710.0,2026-03-01
R18,27615.0,2026-04-01
R18,30520.0,2026-05-01
R18,32840.0,2026-06-01
R18,19500.0,2026-07-01
R18,37150.0,2026-08-01
R18,28360.0,2026-09-01
