rep_id,rep_name,region,h1_2026_%,q3_2026_%,status
R16,Kojo Antwi,Volta,69.0,71.7,Persistent under-performance
R12,Fatima Iddrisu,Eastern,84.5,76.5,Persistent under-performance
R14,Mawuli Tetteh,Northern,78.5,79.3,Persistent under-performance
R04,Akosua Owusu,Ashanti,105.3,88.1,Recent drop - check supply
R05,Yaw Darko,Ashanti,107.0,88.8,Recent drop - check supply
R06,Abena Frimpong,Ashanti,96.5,90.8,On track
R01,Kwame Mensah,Greater Accra,96.4,92.9,On track
R07,Kwesi Appiah,Western,92.6,93.4,On track
R10,Esi Ansah,Eastern,98.9,95.2,On track
R09,Nii Lamptey,Western,98.1,96.1,On track
R17,Adjoa Bonsu,Volta,102.4,97.1,On track
R15,Edem Kporha,Northern,102.9,97.4,On track
R02,Ama Serwaa,Greater Accra,103.6,100.9,On track
R13,Selorm Agbenyo,Northern,102.9,103.4,On track
R11,Mohammed Alhassan,Eastern,104.5,104.4,On track
R18,Issah Mumuni,Volta,108.7,105.5,On track
R08,Efua Quaye,Western,120.2,118.2,Star performer
R03,Kofi Boateng,Greater Accra,123.9,127.1,Star performer
