delivery_id,sku,region,order_date,delivery_date,qty_ordered,qty_delivered,stockout_days
D00781,SKU001,Volta Region,03-Nov-25,2025-11-06,413,409,1
D00042,SKU006,Eastern,2025-01-05,07-Jan-25,153,148,1
D00990,SKU006,Northern,2026-02-04,2026-02-07,184,179,2
D00945,SKU009,Gt. Accra,01/02/2026,05/02/2026,292,N/A,1
D01114,SKU010,Western,2026-04-03,2026-04-07,249,241,2
D00870,SKU006,Greater Accra,2026-01-03,2026-01-04,538,519,0
D00234,SKU006,Ashanti ,2025-04-06,"Apr 08, 2025",411,391,0
D01463,SKU011,Ashanti,2026-09-09,14/09/2026,304,290,0
D00613,SKU001,EASTERN,03/09/2025,2025-09-05,288,278,0
D00638,SKU002,volta,02/09/2025,05/09/2025,97,94,1
D01470,SKU006,Western,2026-09-04,08/09/2026,303,297,1
D00410,SKU002,Northern,09/06/2025,2025-06-13,340,338,0
D00432,SKU012,Volta,2025-06-08,"Jun 10, 2025",60,57,1
D00538,SKU010,Western,2025-08-04,06/08/2025,380,373,0
D00277,SKU001,Volta,2025-04-05,2025-04-09,331,324,0
D00407,SKU011,Eastern,2025-06-01,05-Jun-25,240,237,1
D01095,SKU003,Ashanti,"Apr 04, 2026",07/04/2026,215,210,0
D01435,SKU007,Volta,2026-08-04,2026-08-07,204,194,0
D00599,SKU011,Ashanti,2025-09-04,07/09/2025,318,314,1
D01474,SKU010,Western,2026-09-07,2026-09-08,437,429,2
D00972,SKU012,Western,2026-02-02,04-Feb-26,382,368,0
D00327,SKU003,Eastern,07-May-25,10/05/2025,218,209,0
D01309,SKU001,Ashanti,2026-07-08,2026-07-19,577,415,8
D00170,SKU002,Western Region,"Mar 02, 2025",2025-03-06,319,309,2
D01312,SKU004,Ashanti,2026-07-01,2026-07-13,453,281,7
D00923,SKU011,Northern,2026-01-09,11/01/2026,110,108,0
D01189,SKU001,Eastern Region,2026-05-03,2026-05-05,486,485,0
D00760,SKU004,Eastern,04/11/2025,07/11/2025,228,219,0
D00954,SKU006,Ashanti,2026-02-09,2026-02-10,456,436,N/A
D00474,SKU006,Eastern,2025-07-06,2025-07-10,271,266,0
D00536,SKU008,Western,2025-08-06,2025-08-10,217,216,1
D00090,SKU006,Ashanti,"Feb 05, 2025",2025-02-07,378,362,4
D00386,SKU002,Western,04-Jun-25,2025-06-06,478,474,1
D01060,SKU004,Northern,04/03/2026,2026-03-06,71,68,0
D01497,SKU009,Northern,07-Sep-26,2026-09-10,228,220,1
D01504,SKU004,Volta,2026-09-09,2026-09-13,256,255,0
D00997,SKU001,Volta,2026-02-04,2026-02-06,362,345,0
D00468,SKU012,Western,2025-07-04,2025-07-06,348,334,2
D00224,SKU008,Greater Accra,05/04/2025,09/04/2025,535,523,1
D00103,SKU007,Western,02/02/2025,2025-02-04,185,182,2
D01357,SKU001,Volta,2026-07-05,2026-07-07,211,209,0
D00032,SKU008,Western,2025-01-09,2025-01-12,344,328,1
D00773,SKU005,Northern,"Nov 09, 2025",12/11/2025,149,148,0
D00343,SKU007,Northern,2025-05-02,2025-05-05,76,73,1
D00509,SKU005,Greater Accra,2025-08-01,2025-08-04,571,564,4
D01185,SKU009,Western,09-May-26,12/05/2026,223,214,0
D01393,SKU001,Western,2026-08-04,"Aug 06, 2026",565,542,0
D01272,SKU012,Eastern,"Jun 02, 2026",2026-06-06,422,406,2
D01173,SKU009,Ashanti,"May 06, 2026",2026-05-09,416,404,0
D00274,SKU010,northern,09-Apr-25,2025-04-12,58,56,0
D00548,SKU008,Eastern,08/08/2025,2025-08-11,301,288,0
D00917,SKU005,northern,07/01/2026,10-Jan-26,216,212,1
D01506,SKU006,Volta Region,"Sep 05, 2026",2026-09-07,147,140,0
D00637,SKU001,Volta Region,2025-09-01,04/09/2025,239,230,0
D00751,SKU007,Western,03/11/2025,2025-11-06,265,259,0
D00088,SKU004,Ashanti,2025-02-04,2025-02-06,547,521,1
D00575,SKU011,Volta,2025-08-04,2025-08-06,105,104,1
D00266,SKU002,Northern Region ,2025-04-06,10-Apr-25,408,407,1
D00849,SKU009,northern,2025-12-08,11/12/2025,246,237,1
D01230,SKU006,Greater Accra,09/06/2026,13/06/2026,642,618,1
D00618,SKU006,Eastern,2025-09-06,2025-09-09,520,517,0
D00294,SKU006,Greater Accra,2025-05-02,2025-05-05,470,449,2
D01002,SKU006,Volta,2026-02-03,2026-02-04,169,164,1
D00645,SKU009,Volta,2025-09-07,2025-09-08,126,122,1
D00924,SKU012,Northern,2026-01-02,05/01/2026,162,156,0
D01429,SKU001,Volta,2026-08-01,2026-08-03,148,146,1
D01246,SKU010,Ashanti,2026-06-02,2026-06-04,353,340,0
D01008,SKU012,Volta,2026-02-05,2026-02-10,201,198,0
D00664,SKU004,Ashanti,07/10/2025,10/10/2025,632,626,1
D01127,SKU011,Eastern,2026-04-09,2026-04-12,269,256,1
D00059,SKU011,Northern,2025-01-09,2025-01-11,280,266,N/A
D00754,SKU010,Western Region,2025-11-01,2025-11-05,346,344,2
D00354,SKU006,volta,2025-05-03,2025-05-06,92,89,0
D00899,SKU011,western,2026-01-06,"Jan 08, 2026",320,315,0
D00140,SKU008,Volta Region,03/02/2025,2025-02-06,159,157,0
D01161,SKU009,Greater Accra,2026-05-08,10/05/2026,433,419,0
D00487,SKU007,Northern,03/07/2025,2025-07-05,281,269,0
D01004,SKU008,volta,2026-02-06,09/02/2026,166,165,0
D01279,SKU007,Northern,2026-06-01,2026-06-05,107,103,0
D00317,SKU005,Western Region,"May 01, 2025",05/05/2025,390,382,2
D00514,SKU010,Greater Accra,2025-08-04,2025-08-08,379,368,1
D01453,SKU001,Ashanti,2026-09-06,2026-09-19,703,523,12
D00694,SKU010,Eastern,09/10/2025,2025-10-12,300,296,2
D00594,SKU006,Ashanti,2025-09-08,"Sep 11, 2025",390,387,1
D01345,SKU001,Northern,2026-07-02,2026-07-05,392,390,3
D01507,SKU007,Volta,04-Sep-26,07/09/2026,168,159,0
D01355,SKU011,Northern,02/07/2026,2026-07-04,124,120,1
D01282,SKU010,Northern,"Jun 04, 2026",07/06/2026,145,139,0
D00792,SKU012,Volta,2025-11-02,2025-11-05,227,225,0
D00838,SKU010,Eastern,2025-12-03,2025-12-06,563,559,0
D00073,SKU001,Greater Accra,2025-02-08,2025-02-10,845,812,0
D00966,SKU006,Western,"Feb 03, 2026",05/02/2026,224,221,0
D01131,SKU003,Northern,2026-04-06,07-Apr-26,197,187,1
D01458,SKU006,Ashanti,06-Sep-26,09-Sep-26,749,735,2
D00187,SKU007,Eastern,2025-03-07,09-Mar-25,212,202,1
D00576,SKU012,Volta,2025-08-04,06/08/2025,103,100,0
D00889,SKU001,Western,2026-01-08,11/01/2026,582,576,2
D01282,SKU010,Northern,"Jun 04, 2026",07/06/2026,145,139,0
D00405,SKU009,Eastern Region,06-Jun-25,2025-06-08,135,128,0
D01487,SKU011,Eastern,02/09/2026,"Sep 05, 2026",327,314,0
D00738,SKU006,Ashanti,"Nov 07, 2025",09/11/2025,424,407,2
D00967,SKU007,Western Region,"Feb 03, 2026",04/02/2026,280,279,3
D01196,SKU008,Eastern,2026-05-07,2026-05-08,520,497,1
D00148,SKU004,Greater Accra,2025-03-04,2025-03-07,515,499,0
D00334,SKU010,Eastern,2025-05-06,2025-05-09,179,176,0
D01213,SKU001,Volta,2026-05-04,06/05/2026,426,422,1
D00154,SKU010,GREATER ACCRA,04/03/2025,2025-03-05,283,274,0
D01270,SKU010,Eastern Region,02/06/2026,04/06/2026,253,242,0
D01194,SKU006,Eastern,2026-05-02,2026-05-03,236,234,1
D00133,SKU001,Volta,03/02/2025,2025-02-05,450,446,0
D00673,SKU001,Western,2025-10-09,2025-10-12,530,524,0
D00791,SKU011,Volta,08/11/2025,2025-11-11,201,191,0
D00035,SKU011,Western,2025-01-03,05/01/2025,284,278,0
D00833,SKU005,Eastern,2025-12-07,08/12/2025,339,332,0
D00290,SKU002,Greater Accra,2025-05-05,2025-05-06,677,N/A,0
D00982,SKU010,Eastern,05/02/2026,2026-02-08,450,433,1
D01294,SKU010,Volta,03-Jun-26,2026-06-05,159,158,3
D00528,SKU012,Ashanti,2025-08-06,2025-08-07,382,365,0
D00159,SKU003,Ashanti,2025-03-07,2025-03-10,373,364,1
D01141,SKU001,Volta,2026-04-06,09/04/2026,242,236,0
D01135,SKU007,Northern,05-Apr-26,2026-04-07,138,134,0
D01417,SKU001,Northern Region ,03-Aug-26,07/08/2026,434,419,0
D00788,SKU008,Volta,02/11/2025,"Nov 03, 2025",266,260,1
D01349,SKU005,northern,2026-07-09,2026-07-12,354,348,0
D00543,SKU003,Eastern,2025-08-07,2025-08-10,202,192,0
D00651,SKU003,Gt. Accra,06/10/2025,2025-10-10,616,587,2
D01388,SKU008,ashanti region,09/08/2026,2026-08-10,361,352,1
D00720,SKU012,Volta,01/10/2025,2025-10-03,110,104,0
D01495,SKU007,Northern,08/09/2026,2026-09-10,275,261,2
D00964,SKU004,Western,02/02/2026,2026-02-05,201,192,2
D00359,SKU011,Volta,2025-05-04,2025-05-08,24,23,1
D00992,SKU008,Northern,2026-02-03,06/02/2026,193,187,2
D00223,SKU007,Greater Accra,2025-04-03,2025-04-08,583,565,0
D00667,SKU007,Ashanti,2025-10-02,2025-10-03,388,N/A,1
D00806,SKU002,Ashanti,2025-12-05,09/12/2025,615,608,1
D01034,SKU002,Western,"Mar 09, 2026",2026-03-10,632,601,1
D00778,SKU010,Northern,04/11/2025,"Nov 06, 2025",164,161,1
D00114,SKU006,Eastern,05/02/2025,2025-02-08,203,193,1
D00066,SKU006,Volta,2025-01-04,2025-01-06,103,99,0
D01198,SKU010,Eastern,2026-05-07,10-May-26,317,307,0
D01291,SKU007,Volta,08-Jun-26,2026-06-10,91,87,1
D01218,SKU006,Volta,"May 09, 2026",2026-05-12,265,256,1
D00363,SKU003,Greater Accra,2025-06-07,10/06/2025,469,462,3
D00980,SKU008,Eastern,2026-02-02,"Feb 07, 2026",229,218,1
D00014,SKU002,Ashanti,"Jan 07, 2025",2025-01-11,510,496,0
D00585,SKU009,greater accra,09/09/2025,2025-09-10,402,394,2
D00847,SKU007,Northern,2025-12-07,10/12/2025,190,183,0
D01033,SKU001,western,07/03/2026,2026-03-10,413,395,0
D00878,SKU002,Ashanti,05-Jan-26,2026-01-06,407,395,0
D00027,SKU003,Western,2025-01-02,06-Jan-25,416,396,0
D01350,SKU006,Northern,2026-07-01,2026-07-04,163,157,1
D01134,SKU006,Northern,2026-04-04,2026-04-07,132,130,0
D00089,SKU005,Ashanti,04/02/2025,06-Feb-25,180,176,0
D00254,SKU002,EASTERN,"Apr 04, 2025",2025-04-08,463,440,0
D01059,SKU003,northern,2026-03-03,2026-03-06,96,91,1
D00748,SKU004,Western Region,"Nov 07, 2025",2025-11-11,393,377,1
D00310,SKU010,Ashanti,2025-05-05,09-May-25,616,611,0
D00163,SKU007,Ashanti,05-Mar-25,2025-03-07,382,366,1
D00367,SKU007,Greater Accra,2025-06-04,2025-06-07,329,314,3
D00261,SKU009,Eastern,2025-04-01,2025-04-05,131,127,1
D00134,SKU002,Volta,2025-02-07,2025-02-10,274,270,0
D00558,SKU006,northern,03/08/2025,2025-08-04,264,260,1
D00255,SKU003,Eastern,2025-04-05,2025-04-07,383,366,1
D00522,SKU006,Ashanti,2025-08-01,2025-08-04,598,572,1
D00145,SKU001,Greater Accra,"Mar 06, 2025",2025-03-08,506,485,0
D01040,SKU008,Western Region,"Mar 05, 2026","Mar 07, 2026",280,266,0
D00439,SKU007,Greater Accra,2025-07-04,2025-07-06,556,534,1
D01212,SKU012,Northern,2026-05-07,12/05/2026,118,117,0
D00480,SKU012,Eastern,"Jul 05, 2025",09/07/2025,135,128,1
D00995,SKU011,Northern,"Feb 03, 2026",08-Feb-26,205,198,1
D00759,SKU003,Eastern,2025-11-07,"Nov 09, 2025",220,213,0
D00287,SKU011,Volta,"Apr 02, 2025","Apr 06, 2025",150,148,1
D00179,SKU011,Western,"Mar 04, 2025",05/03/2025,154,152,1
D00006,SKU006,GREATER ACCRA,2025-01-02,05/01/2025,369,350,N/A
D00284,SKU008,Volta,2025-04-05,2025-04-09,157,N/A,1
D01082,SKU002,Greater Accra,2026-04-03,05/04/2026,744,743,0
D00318,SKU006,Western Region,2025-05-04,2025-05-09,290,278,1
D00996,SKU012,Northern,"Feb 06, 2026","Feb 09, 2026",226,224,0
D00771,SKU003,Northern,2025-11-01,2025-11-04,47,46,0
D00231,SKU003,Ashanti,"Apr 01, 2025",03/04/2025,198,189,1
D00189,SKU009,Eastern,2025-03-03,05/03/2025,371,368,1
D01459,SKU007,Ashanti,2026-09-04,05-Sep-26,343,340,1
D00619,SKU007,Eastern,2025-09-08,09/09/2025,299,290,0
D01325,SKU005,Western,2026-07-01,2026-07-04,360,353,1
D00758,SKU002,Eastern,2025-11-08,2025-11-09,530,520,0
D00378,SKU006,Ashanti,03/06/2025,06/06/2025,415,400,2
D00326,SKU002,Eastern,02-May-25,05/05/2025,457,434,0
D00632,SKU008,Northern,04-Sep-25,06/09/2025,245,239,2
D00635,SKU011,Northern Region ,2025-09-01,2025-09-04,151,146,0
D00926,SKU002,Volta,2026-01-01,2026-01-02,154,150,1
D01093,SKU001,ashanti region,02/04/2026,"Apr 03, 2026",578,567,1
D01167,SKU003,Ashanti,"May 07, 2026",2026-05-08,519,501,0
D01009,SKU001,greater accra,2026-03-01,05-Mar-26,642,628,2
D01330,SKU010,Western,"Jul 04, 2026",06-Jul-26,327,314,0
D00111,SKU003,Eastern,"Feb 02, 2025","Feb 05, 2025",361,354,1
D00893,SKU005,Western Region,2026-01-03,06-Jan-26,367,359,1
D00841,SKU001,Northern,2025-12-01,"Dec 03, 2025",488,466,1
D01128,SKU012,Eastern Region,"Apr 03, 2026","Apr 05, 2026",416,411,0
D00127,SKU007,Northern Region ,01-Feb-25,04/02/2025,187,178,1
D01266,SKU006,Eastern,08-Jun-26,2026-06-09,84,80,1
D01454,SKU002,Ashanti,2026-09-03,14-Sep-26,709,550,11
D00164,SKU008,Ashanti,"Mar 06, 2025",2025-03-07,389,378,1
D00678,SKU006,Western,2025-10-09,"Oct 11, 2025",362,353,0
D00938,SKU002,Greater Accra,2026-02-08,11-Feb-26,322,309,1
D00663,SKU003,Ashanti,2025-10-05,06-Oct-25,465,455,0
D00589,SKU001,Ashanti,08-Sep-25,11/09/2025,553,542,1
D01096,SKU004,Ashanti,02/04/2026,04/04/2026,487,473,1
D00137,SKU005,Volta,2025-02-09,"Feb 10, 2025",237,231,0
D01482,SKU006,Eastern Region,2026-09-08,12-Sep-26,250,243,2
D00048,SKU012,Eastern,2025-01-08,2025-01-12,233,229,1
D01352,SKU008,Northern,06/07/2026,"Jul 10, 2026",101,100,2
D00377,SKU005,Ashanti,2025-06-05,06/06/2025,309,297,2
D00071,SKU011,Volta,"Jan 09, 2025",2025-01-12,94,90,2
D01168,SKU004,Ashanti,2026-05-02,"May 05, 2026",336,324,2
D00641,SKU005,Volta,2025-09-09,2025-09-12,221,217,1
D00861,SKU009,Volta,2025-12-06,2025-12-11,254,243,3
D01239,SKU003,Ashanti,05/06/2026,08/06/2026,404,387,0
D00316,SKU004,Western,07/05/2025,2025-05-09,367,360,1
D00281,SKU005,Volta,02-Apr-25,2025-04-05,172,165,1
D00381,SKU009,Ashanti,2025-06-01,03/06/2025,506,498,0
D00463,SKU007,western,2025-07-05,07-Jul-25,241,231,2
D00076,SKU004,Greater Accra,06/02/2025,2025-02-09,472,466,0
D01339,SKU007,Eastern,07/07/2026,10-Jul-26,368,362,1
D00497,SKU005,Volta,01/07/2025,2025-07-04,229,221,0
D01440,SKU012,Volta Region,01-Aug-26,04/08/2026,197,191,1
D00545,SKU005,Eastern,01-Aug-25,"Aug 06, 2025",268,257,0
D00093,SKU009,Ashanti,"Feb 08, 2025",2025-02-10,176,174,0
D01062,SKU006,Northern,03/03/2026,2026-03-06,331,330,1
D01088,SKU008,Greater Accra,2026-04-02,04/04/2026,550,548,2
D00493,SKU001,Volta,2025-07-03,2025-07-04,150,149,2
D00072,SKU012,volta,"Jan 02, 2025","Jan 05, 2025",151,146,2
D01152,SKU012,Volta,08/04/2026,"Apr 10, 2026",216,208,2
D00677,SKU005,Western,2025-10-03,06/10/2025,273,271,2
D01399,SKU007,Western,2026-08-06,2026-08-09,343,340,0
D00579,SKU003,Accra,04/09/2025,06/09/2025,451,431,0
D01317,SKU009,Ashanti,2026-07-07,09/07/2026,203,201,0
D00404,SKU008,Eastern,2025-06-07,2025-06-08,393,391,1
D01411,SKU007,Eastern,2026-08-02,2026-08-04,275,261,0
D01483,SKU007,Eastern,2026-09-09,13/09/2026,345,333,1
D01144,SKU004,Volta,05/04/2026,2026-04-07,98,96,0
D00438,SKU006,Greater Accra,2025-07-03,2025-07-07,533,512,0
D01439,SKU011,Volta,2026-08-05,2026-08-09,185,179,0
D00205,SKU001,Volta,2025-03-05,2025-03-07,374,370,1
D00488,SKU008,Northern,07/07/2025,09/07/2025,136,134,0
D00304,SKU004,ashanti region,01/05/2025,"May 03, 2025",304,301,2
D00863,SKU011,Volta,05/12/2025,09/12/2025,234,222,0
D00259,SKU007,Eastern,2025-04-02,2025-04-06,386,370,1
D00376,SKU004,Ashanti ,06-Jun-25,10/06/2025,236,234,1
D00337,SKU001,Northern,2025-05-03,07/05/2025,224,213,2
D00713,SKU005,Volta,2025-10-02,06/10/2025,189,183,1
D01200,SKU012,Eastern,08-May-26,2026-05-12,380,372,0
D01443,SKU003,Greater Accra,2026-09-03,06/09/2026,695,693,0
D01455,SKU003,Ashanti,2026-09-07,2026-09-19,501,357,12
D00041,SKU005,Eastern,2025-01-09,2025-01-10,119,116,0
D00011,SKU011,Greater Accra,06/01/2025,11/01/2025,378,373,0
D00012,SKU012,Accra,"Jan 09, 2025",10/01/2025,644,637,1
D00064,SKU004,Volta,08/01/2025,"Jan 11, 2025",281,272,1
D00732,SKU012,Greater Accra,2025-11-03,2025-11-05,702,691,1
D00946,SKU010,Greater Accra,05-Feb-26,08/02/2026,296,291,2
D01254,SKU006,Western,05/06/2026,08/06/2026,315,311,0
D01195,SKU007,EASTERN,2026-05-03,2026-05-05,296,292,1
D00897,SKU009,Western,2026-01-06,2026-01-09,180,173,0
D01228,SKU004,Greater Accra,02/06/2026,2026-06-04,441,428,1
D00551,SKU011,EASTERN,2025-08-05,2025-08-08,298,292,0
D00726,SKU006,Greater Accra,09/11/2025,2025-11-11,458,449,0
D01314,SKU006,Ashanti,2026-07-07,10-Jul-26,471,464,0
D00650,SKU002,Greater Accra,07/10/2025,2025-10-09,829,N/A,1
D01129,SKU001,Northern,07/04/2026,2026-04-09,215,214,0
D00249,SKU009,Western Region,2025-04-02,2025-04-04,284,274,1
D00684,SKU012,Western,2025-10-05,2025-10-07,402,393,0
D00950,SKU002,ashanti region,2026-02-02,2026-02-04,403,385,1
D01410,SKU006,Eastern,2026-08-05,09-Aug-26,345,342,1
D01408,SKU004,Eastern,"Aug 05, 2026",06/08/2026,323,316,1
D01390,SKU010,Ashanti,04/08/2026,"Aug 06, 2026",445,433,1
D01394,SKU002,Western,03-Aug-26,2026-08-06,521,518,0
D00451,SKU007,Ashanti,04/07/2025,2025-07-07,449,445,1
D00068,SKU008,Volta,"Jan 06, 2025",2025-01-09,89,85,0
D00443,SKU011,Greater Accra,2025-07-08,2025-07-09,534,519,0
D01090,SKU010,Greater Accra,2026-04-01,05-Apr-26,782,748,0
D00434,SKU002,Greater Accra,"Jul 07, 2025",2025-07-09,655,632,2
D00829,SKU001,Eastern,2025-12-02,05/12/2025,433,421,1
D01511,SKU011,Volta,2026-09-09,11/09/2026,103,102,1
D00685,SKU001,Eastern,2025-10-08,2025-10-10,654,644,0
D00210,SKU006,volta,06/03/2025,"Mar 08, 2025",116,114,2
D01478,SKU002,Eastern,2026-09-01,03/09/2026,540,527,0
D01176,SKU012,Ashanti,2026-05-08,2026-05-11,355,347,0
D00069,SKU009,Volta,"Jan 05, 2025",2025-01-08,56,55,1
D01170,SKU006,Ashanti,2026-05-07,2026-05-09,509,488,0
D00077,SKU005,Greater Accra,2025-02-07,10/02/2025,541,534,0
D01337,SKU005,Eastern,2026-07-05,2026-07-10,426,417,0
D00706,SKU010,Northern,2025-10-04,07/10/2025,191,188,1
D01145,SKU005,Volta,2026-04-05,2026-04-06,491,481,0
D01324,SKU004,Western,2026-07-06,"Jul 08, 2026",159,155,0
D00958,SKU010,Ashanti,2026-02-07,2026-02-09,177,169,1
D00392,SKU008,Western,"Jun 07, 2025",2025-06-10,395,391,0
D01362,SKU006,Volta,2026-07-07,2026-07-09,176,168,1
D00768,SKU012,Eastern,2025-11-02,"Nov 05, 2025",433,431,0
D01492,SKU004,Northern,2026-09-01,2026-09-03,105,100,0
D01208,SKU008,northern,2026-05-08,2026-05-10,148,140,0
D01037,SKU005,Western,2026-03-01,2026-03-03,303,293,1
D01015,SKU007,Gt. Accra,09/03/2026,2026-03-13,537,532,0
D00621,SKU009,Eastern,"Sep 08, 2025",2025-09-10,115,109,0
D00099,SKU003,Western,2025-02-08,10/02/2025,438,425,1
D01019,SKU011,Greater Accra,2026-03-05,06/03/2026,533,515,1
D00930,SKU006,volta,"Jan 03, 2026",2026-01-05,100,95,0
D01217,SKU005,Volta,2026-05-05,08/05/2026,141,138,0
D00056,SKU008,Northern,"Jan 07, 2025","Jan 08, 2025",86,84,1
D00874,SKU010,Greater Accra,01-Jan-26,2026-01-04,449,431,0
D00525,SKU009,Ashanti,2025-08-02,04/08/2025,290,288,1
D00228,SKU012,Greater Accra,02/04/2025,2025-04-06,374,360,N/A
D00176,SKU008,Western,2025-03-03,05/03/2025,237,229,1
D00030,SKU006,Western,01/01/2025,05/01/2025,366,351,0
D00653,SKU005,Greater Accra,2025-10-04,06/10/2025,661,649,0
D01308,SKU012,GREATER ACCRA,2026-07-09,2026-07-14,343,331,1
D01403,SKU011,western,2026-08-01,2026-08-02,309,303,N/A
D00139,SKU007,Volta,2025-02-09,2025-02-12,79,75,0
D01116,SKU012,Western,2026-04-08,09/04/2026,501,485,1
D01401,SKU009,Western,06/08/2026,2026-08-09,384,381,1
D01038,SKU006,Western,04-Mar-26,2026-03-07,516,497,0
D00742,SKU010,Ashanti,06-Nov-25,"Nov 09, 2025",458,442,4
D00896,SKU008,Western,2026-01-06,2026-01-09,236,230,1
D01058,SKU002,Northern,2026-03-02,03/03/2026,260,257,0
D00571,SKU007,Volta,2025-08-02,2025-08-04,64,61,0
D00192,SKU012,Eastern,09/03/2025,"Mar 13, 2025",193,191,0
D00612,SKU012,Western,2025-09-07,2025-09-10,321,314,1
D00414,SKU006,Northern,2025-06-05,07/06/2025,116,115,0
D00436,SKU004,Greater Accra,2025-07-04,2025-07-06,385,375,2
D00358,SKU010,Volta Region,2025-05-09,2025-05-12,128,123,2
D01061,SKU005,Northern,09/03/2026,13/03/2026,159,154,2
D00448,SKU004,Ashanti,"Jul 08, 2025",09-Jul-25,388,377,N/A
D00872,SKU008,Gt. Accra,01-Jan-26,2026-01-04,472,465,0
D00016,SKU004,Ashanti,06/01/2025,2025-01-09,132,131,1
D01426,SKU010,Northern,09/08/2026,2026-08-12,271,265,1
D01368,SKU012,Volta,2026-07-06,2026-07-09,115,111,1
D00375,SKU003,Ashanti ,2025-06-05,2025-06-11,290,278,0
D01323,SKU003,Western,06/07/2026,2026-07-09,122,120,2
D01192,SKU004,Eastern,08-May-26,"May 11, 2026",340,323,0
D01235,SKU011,Greater Accra,03/06/2026,2026-06-04,338,323,2
D00158,SKU002,Ashanti ,2025-03-05,2025-03-07,372,362,0
D00704,SKU008,northern,07/10/2025,2025-10-10,142,140,0
D01261,SKU001,Eastern,04-Jun-26,2026-06-07,567,540,0
D00121,SKU001,Northern,2025-02-03,2025-02-05,284,278,1
D00867,SKU003,Greater Accra,"Jan 08, 2026",11/01/2026,505,499,0
D00498,SKU006,Volta,06/07/2025,2025-07-08,221,214,0
D01502,SKU002,Volta,03/09/2026,04/09/2026,171,168,0
D01373,SKU005,Greater Accra,08-Aug-26,10-Aug-26,541,532,3
D00395,SKU011,western,05/06/2025,2025-06-08,427,406,0
D00226,SKU010,Greater Accra,"Apr 02, 2025",2025-04-04,559,556,0
D00323,SKU011,Western,02/05/2025,2025-05-03,281,267,0
D01226,SKU002,Greater Accra,2026-06-09,11/06/2026,638,627,0
D00572,SKU008,Volta,2025-08-09,12-Aug-25,291,285,0
D00496,SKU004,volta,04/07/2025,"Jul 05, 2025",162,155,3
D00550,SKU010,Eastern,"Aug 06, 2025",2025-08-10,186,177,2
D00577,SKU001,Greater Accra,2025-09-07,2025-09-10,708,701,1
D01122,SKU006,EASTERN,2026-04-07,2026-04-10,315,311,0
D00173,SKU005,Western,2025-03-04,06-Mar-25,379,373,2
D01310,SKU002,Ashanti,2026-07-01,2026-07-09,677,384,13
D01113,SKU009,western,2026-04-01,2026-04-03,358,341,0
D01036,SKU004,Western,07-Mar-26,08-Mar-26,350,340,1
D00922,SKU010,Northern,05-Jan-26,09/01/2026,142,135,1
D00248,SKU008,western,2025-04-05,2025-04-06,565,554,1
D00957,SKU009,Ashanti,2026-02-08,2026-02-12,467,445,0
D01280,SKU008,Northern,01-Jun-26,"Jun 06, 2026",175,173,0
D01262,SKU002,Eastern,07/06/2026,2026-06-10,333,330,0
D01428,SKU012,Northern,2026-08-03,2026-08-06,147,145,1
D00227,SKU011,Gt. Accra,01-Apr-25,04-Apr-25,376,374,1
D00156,SKU012,Greater Accra,03/03/2025,04/03/2025,449,444,1
D00232,SKU004,Ashanti,"Apr 08, 2025",09-Apr-25,487,470,1
D00989,SKU005,Northern,"Feb 02, 2026",04/02/2026,177,171,2
D01320,SKU012,Ashanti,2026-07-04,2026-07-06,263,260,0
D00918,SKU006,Northern,2026-01-01,2026-01-03,197,196,0
D01153,SKU001,greater accra,"May 04, 2026",2026-05-05,866,843,1
D00402,SKU006,Eastern,02/06/2025,04-Jun-25,204,199,1
D01467,SKU003,Western Region,2026-09-03,2026-09-06,261,250,0
D00560,SKU008,northern,2025-08-02,2025-08-03,193,184,0
D01484,SKU008,Eastern,03/09/2026,06-Sep-26,361,343,2
D00289,SKU001,Greater Accra,05/05/2025,"May 09, 2025",832,823,1
D00601,SKU001,Western,05/09/2025,"Sep 08, 2025",605,600,1
D00909,SKU009,Eastern,02/01/2026,2026-01-05,174,169,1
D00937,SKU001,Greater Accra,2026-02-08,"Feb 12, 2026",523,498,1
D00020,SKU008,Ashanti,2025-01-07,09/01/2025,429,428,0
D00783,SKU003,volta,2025-11-08,2025-11-09,174,170,1
D00333,SKU009,Eastern,08/05/2025,12-May-25,72,69,1
D00406,SKU010,Eastern,02-Jun-25,2025-06-07,194,189,0
D00045,SKU009,Eastern,05-Jan-25,06/01/2025,208,200,0
D00731,SKU011,Greater Accra,2025-11-07,2025-11-09,464,458,1
D00428,SKU008,Volta Region,03/06/2025,04-Jun-25,108,106,0
D00679,SKU007,Western,2025-10-03,05/10/2025,382,371,0
D00355,SKU007,volta,2025-05-04,05-May-25,153,151,0
D00727,SKU007,Gt. Accra,01-Nov-25,03/11/2025,710,686,0
D01448,SKU008,Greater Accra,02/09/2026,05/09/2026,492,483,0
D01174,SKU010,Ashanti,"May 03, 2026",2026-05-05,683,655,0
D00373,SKU001,Ashanti,2025-06-05,2025-06-08,790,750,1
D00646,SKU010,Volta,05/09/2025,09/09/2025,52,51,0
D01012,SKU004,Greater Accra,2026-03-06,08/03/2026,578,549,1
D00430,SKU010,Volta,04/06/2025,06-Jun-25,73,69,0
D00240,SKU012,Ashanti,2025-04-01,2025-04-04,696,693,0
D00987,SKU003,Northern,2026-02-01,"Feb 03, 2026",89,84,1
D00705,SKU009,northern,09/10/2025,12/10/2025,134,130,1
D00034,SKU010,Western,2025-01-06,2025-01-09,210,209,3
D01299,SKU003,Greater Accra,02-Jul-26,2026-07-05,803,778,0
D00810,SKU006,Ashanti,2025-12-06,08/12/2025,379,366,0
D00293,SKU005,Greater Accra,07-May-25,2025-05-08,530,507,N/A
D00125,SKU005,Northern Region ,"Feb 09, 2025",2025-02-11,191,190,2
D00291,SKU003,Greater Accra,2025-05-09,11/05/2025,619,598,3
D00346,SKU010,Northern,05/05/2025,2025-05-09,89,88,2
D01466,SKU002,Western Region,02/09/2026,2026-09-03,567,541,1
D00825,SKU009,Western,2025-12-04,2025-12-06,302,296,2
D00527,SKU011,Ashanti,2025-08-08,2025-08-10,271,270,1
D00502,SKU010,Volta,05-Jul-25,"Jul 08, 2025",48,45,0
D00165,SKU009,Ashanti,2025-03-02,2025-03-05,166,165,0
D00426,SKU006,volta,2025-06-05,09/06/2025,219,213,0
D00412,SKU004,northern,2025-06-04,2025-06-06,85,82,1
D00400,SKU004,Eastern,2025-06-01,03/06/2025,239,236,1
D01210,SKU010,Northern,2026-05-04,2026-05-08,171,169,0
D00762,SKU006,Eastern,07-Nov-25,2025-11-09,239,235,1
D00657,SKU009,Accra,08/10/2025,2025-10-10,240,239,1
D00021,SKU009,Ashanti,2025-01-01,02/01/2025,296,282,1
D00827,SKU011,Western,09-Dec-25,2025-12-10,793,783,0
D01318,SKU010,Ashanti,09/07/2026,13-Jul-26,267,255,1
D01140,SKU012,Northern,"Apr 05, 2026",09/04/2026,162,154,1
D00409,SKU001,Northern,06/06/2025,2025-06-08,397,388,0
D00357,SKU009,Volta,04/05/2025,2025-05-09,172,163,1
D00799,SKU007,Greater Accra,2025-12-09,2025-12-11,606,589,N/A
D00050,SKU002,Northern,06-Jan-25,07/01/2025,195,191,1
D00745,SKU001,Western,2025-11-09,2025-11-11,759,738,0
D00469,SKU001,Eastern,02-Jul-25,2025-07-05,413,407,0
D00517,SKU001,Ashanti ,2025-08-07,11/08/2025,594,589,0
D00959,SKU011,Ashanti,2026-02-08,2026-02-12,425,411,0
D00625,SKU001,Northern,06/09/2025,2025-09-10,506,487,1
D01472,SKU008,Western,2026-09-05,2026-09-06,802,777,0
D00510,SKU006,Greater Accra,01/08/2025,"Aug 04, 2025",724,693,1
D00067,SKU007,Volta,2025-01-08,2025-01-10,113,109,1
D00151,SKU007,Greater Accra,2025-03-06,2025-03-07,291,283,1
D00881,SKU005,Ashanti,04-Jan-26,05/01/2026,506,496,0
D00665,SKU005,Ashanti,2025-10-09,13/10/2025,549,526,1
D00903,SKU003,Eastern,2026-01-03,2026-01-04,341,335,1
D00656,SKU008,Greater Accra,06-Oct-25,2025-10-08,434,433,1
D01124,SKU008,Eastern,"Apr 08, 2026",2026-04-11,407,395,0
D00873,SKU009,Greater Accra,2026-01-07,2026-01-09,454,441,0
D01100,SKU008,Ashanti,2026-04-06,08/04/2026,420,400,0
D01493,SKU005,Northern,"Sep 01, 2026",2026-09-03,326,321,1
D00331,SKU007,Eastern,2025-05-05,2025-05-08,80,76,3
D00828,SKU012,Western,2025-12-09,"Dec 10, 2025",483,482,2
D01028,SKU008,Ashanti,"Mar 09, 2026","Mar 13, 2026",346,344,1
D00036,SKU012,Western,2025-01-06,10-Jan-25,313,297,3
D00811,SKU007,Ashanti,2025-12-01,02-Dec-25,313,300,1
D00446,SKU002,Ashanti ,02-Jul-25,2025-07-04,620,612,0
D01501,SKU001,Volta,2026-09-07,"Sep 10, 2026",431,411,1
D00860,SKU008,Volta,2025-12-08,09/12/2025,439,432,0
D00342,SKU006,Northern Region ,"May 05, 2025",07/05/2025,219,211,0
D00740,SKU008,Ashanti,04/11/2025,07/11/2025,351,348,1
D00723,SKU003,Greater Accra,2025-11-01,2025-11-03,511,495,1
D00919,SKU007,Northern Region ,2026-01-04,2026-01-08,55,53,0
D00953,SKU005,Ashanti,"Feb 05, 2026",07/02/2026,543,542,0
D00984,SKU012,EASTERN,2026-02-01,"Feb 04, 2026",328,325,0
D01278,SKU006,Northern,2026-06-02,05-Jun-26,150,149,0
D00697,SKU001,Northern,2025-10-08,10/10/2025,369,352,0
D00737,SKU005,Ashanti,2025-11-07,2025-11-09,569,547,2
D00239,SKU011,Ashanti,"Apr 01, 2025",2025-04-04,594,589,0
D01236,SKU012,Greater Accra,2026-06-06,2026-06-08,763,760,0
D00907,SKU007,Eastern,2026-01-04,08-Jan-26,238,237,0
D01363,SKU007,Volta,2026-07-01,05-Jul-26,118,113,0
D00238,SKU010,Ashanti,01/04/2025,03-Apr-25,393,374,3
D01119,SKU003,EASTERN,2026-04-03,08/04/2026,462,450,1
D01123,SKU007,Eastern Region,2026-04-03,05/04/2026,227,225,1
D01072,SKU004,volta,2026-03-06,2026-03-07,112,109,2
D00039,SKU003,Eastern,2025-01-07,10-Jan-25,360,343,1
D00105,SKU009,Western,06/02/2025,2025-02-07,270,267,0
D00842,SKU002,Northern,02/12/2025,04/12/2025,162,159,0
D00229,SKU001,Ashanti ,2025-04-05,2025-04-07,739,715,0
D00724,SKU004,Greater Accra,07/11/2025,10/11/2025,263,261,1
D00718,SKU010,Volta,07-Oct-25,2025-10-10,119,114,0
D01358,SKU002,Volta,2026-07-06,09-Jul-26,192,184,0
D01348,SKU004,northern,2026-07-06,08/07/2026,127,121,1
D00437,SKU005,Greater Accra,2025-07-09,2025-07-11,486,464,0
D00662,SKU002,Ashanti,2025-10-04,2025-10-07,781,761,3
D00271,SKU007,Northern,05/04/2025,06-Apr-25,191,190,1
D00421,SKU001,Volta,2025-06-09,12/06/2025,413,412,0
D01000,SKU004,Volta,2026-02-01,"Feb 04, 2026",218,207,2
D00659,SKU011,Greater Accra,2025-10-06,2025-10-10,426,407,1
D01326,SKU006,Western Region,2026-07-02,2026-07-04,357,354,0
D00736,SKU004,ASHANTI,09/11/2025,2025-11-11,456,443,1
D00787,SKU007,Volta,2025-11-05,"Nov 08, 2025",210,204,2
D01407,SKU003,Eastern,2026-08-06,2026-08-08,172,168,0
D00578,SKU002,Greater Accra,2025-09-09,2025-09-10,479,476,1
D01346,SKU002,Northern,2026-07-09,"Jul 11, 2026",197,196,2
D01457,SKU005,Ashanti,01/09/2026,2026-09-04,425,417,1
D00830,SKU002,Eastern,04/12/2025,2025-12-07,282,281,3
D01391,SKU011,ASHANTI,2026-08-05,2026-08-07,554,539,0
D00128,SKU008,Northern,2025-02-07,2025-02-10,136,132,0
D01086,SKU006,Greater Accra,2026-04-09,2026-04-11,413,398,0
D00003,SKU003,Greater Accra,2025-01-09,2025-01-10,315,304,0
D00490,SKU010,Northern,2025-07-01,2025-07-03,229,222,0
D00280,SKU004,Volta Region,04/04/2025,2025-04-07,237,233,1
D01132,SKU004,Northern Region ,08/04/2026,"Apr 10, 2026",232,225,0
D00503,SKU011,Volta,2025-07-05,2025-07-08,135,134,1
D00207,SKU003,Volta,02/03/2025,2025-03-04,115,114,0
D00605,SKU005,Western,2025-09-01,04/09/2025,346,339,0
D00800,SKU008,Greater Accra,2025-12-08,2025-12-11,742,737,0
D01091,SKU011,Greater Accra,2026-04-02,2026-04-03,359,354,0
D01163,SKU011,Greater Accra,2026-05-02,2026-05-03,638,607,2
D00616,SKU004,Eastern,2025-09-06,2025-09-08,229,225,2
D00519,SKU003,Ashanti,06/08/2025,08/08/2025,423,416,0
D00425,SKU005,Volta,2025-06-07,"Jun 08, 2025",185,182,1
D00257,SKU005,Eastern,"Apr 08, 2025",09/04/2025,392,386,N/A
D01078,SKU010,volta,2026-03-02,2026-03-05,182,173,0
D00262,SKU010,EASTERN,"Apr 03, 2025",08/04/2025,214,208,1
D00676,SKU004,Western,06/10/2025,2025-10-08,183,179,0
D01371,SKU003,Greater Accra,2026-08-09,"Aug 10, 2026",543,530,N/A
D00320,SKU008,Western Region,"May 04, 2025",2025-05-08,294,280,0
D00691,SKU007,Eastern,2025-10-01,2025-10-03,239,233,1
D00660,SKU012,Greater Accra,2025-10-05,"Oct 07, 2025",509,500,2
D00162,SKU006,ashanti region,2025-03-08,2025-03-10,526,515,1
D00513,SKU009,Greater Accra,2025-08-03,2025-08-07,260,259,0
D00484,SKU004,Northern,2025-07-09,11/07/2025,136,135,0
D00850,SKU010,Northern,2025-12-01,03/12/2025,241,229,1
D01379,SKU011,Greater Accra,2026-08-03,2026-08-07,653,630,1
D01512,SKU012,Volta,03/09/2026,05/09/2026,275,273,0
D00477,SKU009,Eastern,02/07/2025,2025-07-04,408,401,0
D01427,SKU011,Northern,2026-08-01,2026-08-04,187,186,0
D00456,SKU012,Ashanti,03-Jul-25,06/07/2025,331,329,1
D00022,SKU010,Ashanti,2025-01-03,2025-01-06,412,393,0
D00535,SKU007,Western Region,07/08/2025,10-Aug-25,99,95,0
D00567,SKU003,Volta,09-Aug-25,2025-08-13,187,N/A,0
D00167,SKU011,Ashanti,03/03/2025,06/03/2025,277,264,1
D00116,SKU008,Eastern,01/02/2025,2025-02-03,130,127,1
D01148,SKU008,Volta,05/04/2026,08-Apr-26,177,171,1
D01383,SKU003,Ashanti,2026-08-01,2026-08-12,559,368,11
D00988,SKU004,northern,2026-02-07,2026-02-09,181,180,1
D01205,SKU005,Northern,07/05/2026,08-May-26,133,128,0
D00631,SKU007,northern,2025-09-09,"Sep 10, 2025",158,154,1
D01307,SKU011,Greater Accra,2026-07-02,2026-07-05,604,N/A,0
D00301,SKU001,Ashanti,08-May-25,2025-05-10,532,520,3
D00100,SKU004,western,2025-02-07,10-Feb-25,151,147,1
D00431,SKU011,Volta,2025-06-08,10-Jun-25,134,133,1
D00129,SKU009,Northern,2025-02-06,2025-02-08,108,107,0
D01220,SKU008,Volta,01/05/2026,2026-05-02,186,185,0
D00153,SKU009,Gt. Accra,2025-03-09,2025-03-12,199,191,0
D00252,SKU012,Western,2025-04-09,2025-04-10,343,327,0
D00174,SKU006,Western,08/03/2025,2025-03-09,210,204,0
D01001,SKU005,Volta,2026-02-04,2026-02-06,187,182,0
D00983,SKU011,Eastern,07/02/2026,11-Feb-26,400,392,N/A
D01251,SKU003,Western,02-Jun-26,03/06/2026,457,452,1
D00875,SKU011,greater accra,06/01/2026,2026-01-09,444,434,0
D00369,SKU009,Greater Accra,08-Jun-25,2025-06-10,292,279,0
D00136,SKU004,volta,2025-02-03,2025-02-06,148,144,0
D00370,SKU010,Greater Accra,2025-06-08,2025-06-10,385,383,1
D00155,SKU011,Greater Accra,05/03/2025,06-Mar-25,452,447,0
D01101,SKU009,Ashanti,2026-04-09,2026-04-12,345,339,2
D00789,SKU009,Volta,2025-11-09,2025-11-12,131,130,0
D00306,SKU006,Ashanti,08/05/2025,2025-05-12,372,355,1
D00597,SKU009,Ashanti,2025-09-04,06-Sep-25,366,365,N/A
D01065,SKU009,northern,2026-03-05,2026-03-06,252,247,0
D00420,SKU012,Northern,2025-06-08,2025-06-10,114,109,0
D00766,SKU010,EASTERN,02/11/2025,2025-11-05,362,361,1
D01389,SKU009,Ashanti,04/08/2026,2026-08-05,171,166,1
D00247,SKU007,Western,2025-04-07,2025-04-10,285,272,0
D01303,SKU007,Greater Accra,2026-07-09,12-Jul-26,571,543,0
D00314,SKU002,Western,2025-05-07,2025-05-10,370,354,0
D01125,SKU009,Eastern,2026-04-05,06-Apr-26,270,264,1
D01041,SKU009,Western,08/03/2026,2026-03-11,171,N/A,0
D01290,SKU006,Volta Region,04-Jun-26,2026-06-08,159,156,1
D00666,SKU006,Ashanti,"Oct 03, 2025",2025-10-05,498,478,1
D01225,SKU001,Greater Accra,2026-06-07,08/06/2026,988,940,1
D00661,SKU001,Ashanti,09/10/2025,2025-10-12,739,719,0
D00719,SKU011,Volta Region,07/10/2025,2025-10-10,53,52,0
D00940,SKU004,greater accra,"Feb 02, 2026",2026-02-05,423,421,0
D00142,SKU010,Volta Region,01/02/2025,2025-02-03,108,103,3
D01142,SKU002,Volta Region,"Apr 05, 2026",08-Apr-26,291,287,2
D00858,SKU006,Volta,2025-12-02,2025-12-05,442,435,2
D00728,SKU008,Greater Accra,08/11/2025,2025-11-10,676,673,2
D00610,SKU010,Western,02-Sep-25,2025-09-04,347,343,0
D00113,SKU005,Eastern,2025-02-01,2025-02-04,408,389,1
D01381,SKU001,Ashanti ,2026-08-01,07/08/2026,707,419,14
D01092,SKU012,Greater Accra,05/04/2026,2026-04-06,635,617,1
D00546,SKU006,Eastern,04/08/2025,"Aug 05, 2025",271,260,1
D01267,SKU007,Eastern,2026-06-04,2026-06-05,140,135,0
D01298,SKU002,Greater Accra,2026-07-08,2026-07-10,413,393,1
D01281,SKU009,Northern,2026-06-04,05/06/2026,71,68,0
D01024,SKU004,Ashanti ,2026-03-06,08-Mar-26,654,646,N/A
D00739,SKU007,Ashanti,02/11/2025,2025-11-05,706,673,0
D00060,SKU012,Northern,08/01/2025,2025-01-09,131,126,0
D00335,SKU011,Eastern,2025-05-09,2025-05-10,241,240,2
D00329,SKU005,Eastern Region,2025-05-06,09/05/2025,242,232,2
D00675,SKU003,Western,2025-10-05,"Oct 08, 2025",441,437,2
D01269,SKU009,Eastern Region,01/06/2026,2026-06-04,274,260,2
D01042,SKU010,western,2026-03-05,08/03/2026,404,400,1
D01491,SKU003,Northern,"Sep 06, 2026",2026-09-08,243,242,0
D00729,SKU009,Greater Accra,"Nov 01, 2025","Nov 03, 2025",360,348,N/A
D00353,SKU005,Volta,02/05/2025,"May 04, 2025",180,171,2
D00222,SKU006,Greater Accra,2025-04-08,"Apr 12, 2025",633,604,2
D00119,SKU011,Eastern,"Feb 06, 2025",09/02/2025,183,181,1
D00968,SKU008,Western,2026-02-09,2026-02-10,285,281,0
D00609,SKU009,Western,2025-09-08,10-Sep-25,282,268,0
D01190,SKU002,Eastern,2026-05-07,2026-05-10,698,689,0
D00005,SKU005,Greater Accra,2025-01-02,04/01/2025,219,212,1
D00171,SKU003,Western,2025-03-08,13-Mar-25,329,316,0
D01182,SKU006,Western,2026-05-03,"May 06, 2026",376,368,1
D00805,SKU001,Ashanti,2025-12-05,09/12/2025,825,813,0
D00820,SKU004,Western,04/12/2025,2025-12-07,299,292,2
D00046,SKU010,Eastern,04/01/2025,2025-01-06,115,113,2
D00733,SKU001,Ashanti,07-Nov-25,"Nov 10, 2025",539,524,1
D00834,SKU006,Eastern Region,2025-12-02,2025-12-04,529,528,0
D00350,SKU002,Volta,2025-05-08,2025-05-11,229,227,0
D01137,SKU009,Northern,2026-04-09,12/04/2026,73,70,2
D00253,SKU001,EASTERN,2025-04-01,02-Apr-25,547,522,1
D00009,SKU009,Greater Accra,01/01/2025,2025-01-04,200,193,0
D00815,SKU011,Ashanti,2025-12-01,06/12/2025,830,792,2
D00668,SKU008,Ashanti,06/10/2025,2025-10-09,237,225,0
D01204,SKU004,Northern,2026-05-09,12/05/2026,97,95,0
D00219,SKU003,Greater Accra,2025-04-04,"Apr 05, 2025",506,484,2
D00246,SKU006,Western,04-Apr-25,06/04/2025,322,313,0
D00891,SKU003,Western,"Jan 09, 2026","Jan 13, 2026",281,278,1
D01056,SKU012,Eastern,04/03/2026,2026-03-06,441,437,0
D00245,SKU005,Western,2025-04-06,2025-04-08,445,437,0
D01164,SKU012,Greater Accra,2026-05-09,14/05/2026,581,555,0
D00212,SKU008,Volta,2025-03-07,2025-03-11,192,187,1
D01118,SKU002,Eastern,06/04/2026,2026-04-09,507,494,1
D00302,SKU002,Ashanti,2025-05-08,10/05/2025,571,560,0
D00512,SKU008,Greater Accra,07/08/2025,2025-08-10,567,542,0
D01297,SKU001,GREATER ACCRA,2026-07-07,2026-07-11,1003,989,0
D01011,SKU003,Greater Accra,2026-03-04,2026-03-06,652,626,0
D00300,SKU012,GREATER ACCRA,2025-05-03,2025-05-06,510,496,0
D00961,SKU001,western,03/02/2026,2026-02-05,496,481,0
D00225,SKU009,greater accra,2025-04-02,2025-04-05,246,240,0
D00147,SKU003,Greater Accra,06/03/2025,09-Mar-25,586,582,3
D00539,SKU011,Western,2025-08-02,2025-08-05,455,436,2
D00969,SKU009,Western,03/02/2026,06/02/2026,353,344,3
D00695,SKU011,Eastern Region,07/10/2025,2025-10-09,187,184,1
D00617,SKU005,Eastern,09/09/2025,2025-09-12,458,440,3
D00276,SKU012,Northern,2025-04-08,2025-04-10,231,N/A,1
D01160,SKU008,GREATER ACCRA,2026-05-09,2026-05-12,537,519,0
D00794,SKU002,Greater Accra,01/12/2025,06/12/2025,741,729,0
D00313,SKU001,Western,01/05/2025,04-May-25,685,653,1
D00051,SKU003,northern,2025-01-02,2025-01-05,360,358,0
D01430,SKU002,Volta,2026-08-01,2026-08-03,331,320,1
D00286,SKU010,Volta,03/04/2025,06/04/2025,169,168,1
D00886,SKU010,ashanti region,08-Jan-26,10/01/2026,441,433,0
D00994,SKU010,Northern,2026-02-08,11-Feb-26,117,116,0
D01250,SKU002,Western,"Jun 01, 2026",2026-06-05,196,195,1
D00709,SKU001,Volta,2025-10-05,2025-10-07,372,369,1
D00904,SKU004,Eastern,03/01/2026,2026-01-04,320,317,1
D01471,SKU007,Western,2026-09-06,08/09/2026,299,288,1
D00403,SKU007,Eastern Region,"Jun 09, 2025",2025-06-13,235,234,0
D00442,SKU010,Greater Accra,2025-07-08,"Jul 09, 2025",515,498,1
D00910,SKU010,Eastern,2026-01-08,2026-01-10,178,174,0
D00180,SKU012,Western,2025-03-06,10-Mar-25,353,340,1
D01117,SKU001,EASTERN,07/04/2026,2026-04-09,600,577,0
D01022,SKU002,Ashanti,2026-03-06,2026-03-08,648,619,3
D00780,SKU012,Northern,2025-11-03,2025-11-06,155,153,1
D00047,SKU011,Eastern,2025-01-04,08/01/2025,352,340,2
D00856,SKU004,Volta,2025-12-01,"Dec 03, 2025",132,127,0
D01108,SKU004,Western,2026-04-01,2026-04-02,348,332,0
D00458,SKU002,Western,2025-07-07,2025-07-11,292,290,0
D00816,SKU012,Ashanti,08/12/2025,2025-12-11,655,634,2
D00418,SKU010,Northern Region ,08-Jun-25,10/06/2025,137,134,1
D00837,SKU009,Eastern,2025-12-05,2025-12-09,550,549,0
D00441,SKU009,Greater Accra,04/07/2025,2025-07-06,567,558,1
D00216,SKU012,Volta,2025-03-04,2025-03-06,141,134,0
D01447,SKU007,Greater Accra,02/09/2026,"Sep 05, 2026",499,481,1
D00880,SKU004,Ashanti,04/01/2026,2026-01-09,380,364,0
D01432,SKU004,Volta Region,2026-08-01,02-Aug-26,231,230,1
D01286,SKU002,Volta,2026-06-01,03/06/2026,193,183,1
D00018,SKU006,Ashanti,08/01/2025,09/01/2025,268,267,0
D00026,SKU002,Western,2025-01-04,2025-01-06,184,177,1
D00371,SKU011,Accra,2025-06-02,2025-06-05,407,386,1
D01237,SKU001,Ashanti,08-Jun-26,2026-06-11,745,737,0
D00380,SKU008,Ashanti,05/06/2025,2025-06-09,415,413,0
D00699,SKU003,Northern,2025-10-01,02/10/2025,207,205,0
D00643,SKU007,Volta,06-Sep-25,07/09/2025,93,89,0
D01260,SKU012,Western,2026-06-05,2026-06-06,346,336,2
D01268,SKU008,Eastern,2026-06-01,2026-06-02,636,627,0
D01302,SKU006,Greater Accra,2026-07-09,2026-07-12,371,360,0
D00348,SKU012,Northern Region ,2025-05-09,2025-05-11,205,197,1
D00835,SKU007,Eastern,2025-12-08,12/12/2025,352,345,0
D01450,SKU010,Greater Accra,2026-09-01,2026-09-04,614,598,1
D01007,SKU011,volta,01/02/2026,2026-02-03,115,113,1
D01178,SKU002,Western,2026-05-07,2026-05-11,457,440,2
D00466,SKU010,Western,03/07/2025,2025-07-05,281,278,2
D01406,SKU002,EASTERN,01/08/2026,03-Aug-26,424,407,0
D00460,SKU004,western,"Jul 05, 2025",2025-07-06,239,237,0
D01296,SKU012,Volta,2026-06-07,2026-06-09,192,185,1
D00602,SKU002,Western,2025-09-08,2025-09-10,344,N/A,1
D00998,SKU002,Volta,2026-02-03,2026-02-05,290,278,0
D01209,SKU009,Northern,02/05/2026,2026-05-04,85,84,0
D01184,SKU008,Western,2026-05-08,2026-05-10,269,268,0
D01165,SKU001,Ashanti,02-May-26,04/05/2026,1105,1081,0
D00462,SKU006,Western,2025-07-03,06/07/2025,211,207,1
D00031,SKU007,Western,2025-01-01,03/01/2025,285,271,0
D01342,SKU010,Eastern,02/07/2026,05/07/2026,300,288,N/A
D01369,SKU001,Greater Accra,2026-08-08,2026-08-11,696,663,0
D01181,SKU005,western,03/05/2026,04-May-26,205,200,1
D01386,SKU006,Ashanti,2026-08-03,"Aug 05, 2026",463,454,1
D01097,SKU005,ASHANTI,09/04/2026,2026-04-11,401,385,0
D00670,SKU010,Ashanti,02/10/2025,04/10/2025,467,459,1
D01126,SKU010,Eastern,04-Apr-26,2026-04-05,266,265,0
D01424,SKU008,Northern,08/08/2026,"Aug 10, 2026",122,118,0
D01452,SKU012,Greater Accra,2026-09-09,12/09/2026,447,429,0
D00935,SKU011,Volta,2026-01-08,12-Jan-26,150,143,1
D00237,SKU009,Ashanti,2025-04-04,2025-04-08,264,N/A,1
D01053,SKU009,Eastern,2026-03-08,2026-03-12,152,148,0
D00869,SKU005,Greater Accra,2026-01-05,07/01/2026,501,485,1
D00583,SKU007,Greater Accra,2025-09-08,2025-09-11,341,333,1
D01404,SKU012,Western,04/08/2026,2026-08-07,199,198,0
D00854,SKU002,Volta,2025-12-02,2025-12-04,400,393,1
D01077,SKU009,Volta,2026-03-08,2026-03-11,73,70,0
D00332,SKU008,Eastern Region,08/05/2025,11/05/2025,182,174,0
D00483,SKU003,Northern,"Jul 03, 2025",2025-07-06,300,293,0
D00956,SKU008,Ashanti,2026-02-09,2026-02-13,410,391,0
D01214,SKU002,Volta,2026-05-03,07/05/2026,449,427,0
D00693,SKU009,EASTERN,2025-10-08,2025-10-10,409,402,0
D01138,SKU010,Northern,07-Apr-26,2026-04-09,53,50,0
D01076,SKU008,Volta,05/03/2026,06/03/2026,334,318,2
D01253,SKU005,western,2026-06-04,06-Jun-26,678,664,0
D01067,SKU011,Northern Region ,2026-03-04,"Mar 07, 2026",240,233,1
D01021,SKU001,Ashanti,2026-03-03,2026-03-05,780,771,0
D00516,SKU012,Greater Accra,2025-08-07,2025-08-10,363,353,0
D01146,SKU006,Volta,03/04/2026,2026-04-06,112,109,0
D01336,SKU004,Eastern,2026-07-07,2026-07-09,248,236,2
D00190,SKU010,Eastern,09/03/2025,"Mar 12, 2025",241,235,0
D00203,SKU011,Northern,2025-03-01,"Mar 03, 2025",88,83,1
D01420,SKU004,Northern,"Aug 06, 2026",2026-08-08,228,218,2
D01376,SKU008,Greater Accra,2026-08-05,2026-08-08,733,696,0
D00568,SKU004,Volta Region,2025-08-07,2025-08-11,198,194,0
D00708,SKU012,Northern,2025-10-04,"Oct 08, 2025",278,269,2
D00075,SKU003,Greater Accra,02/02/2025,2025-02-03,424,419,0
D01263,SKU003,EASTERN,01-Jun-26,2026-06-04,262,253,1
D00043,SKU007,Eastern,08/01/2025,2025-01-11,213,N/A,1
D00864,SKU012,Volta Region,2025-12-03,2025-12-05,158,157,1
D00888,SKU012,Ashanti ,08/01/2026,2026-01-11,541,520,0
D00683,SKU011,Western,2025-10-04,2025-10-06,212,203,0
D00324,SKU012,Western,05/05/2025,2025-05-06,516,491,1
D00399,SKU003,Eastern,2025-06-09,10/06/2025,134,133,0
D00368,SKU008,Greater Accra,05/06/2025,"Jun 08, 2025",639,608,1
D01293,SKU009,Volta,2026-06-02,2026-06-03,32,31,1
D00906,SKU006,Eastern,04/01/2026,2026-01-06,195,187,0
D01505,SKU005,Volta,06/09/2026,2026-09-08,73,71,1
D00106,SKU010,Western,2025-02-05,07/02/2025,207,201,2
D00813,SKU009,Ashanti,2025-12-04,07/12/2025,406,405,0
D01316,SKU008,Ashanti,2026-07-08,10/07/2026,473,464,0
D00540,SKU012,Western Region,"Aug 01, 2025",2025-08-03,246,233,1
D00288,SKU012,Volta Region,"Apr 06, 2025",09/04/2025,229,228,3
D00963,SKU003,Western,2026-02-07,2026-02-11,320,311,0
D01257,SKU009,western,2026-06-01,03/06/2026,248,245,0
D00606,SKU006,Western,01/09/2025,2025-09-04,252,243,1
D01075,SKU007,Volta,2026-03-06,2026-03-10,199,197,0
D00230,SKU002,Ashanti,2025-04-08,13-Apr-25,662,657,0
D00569,SKU005,Volta,07/08/2025,2025-08-10,93,89,1
D00322,SKU010,Western,2025-05-08,2025-05-09,341,336,0
D00391,SKU007,Western,2025-06-07,2025-06-08,318,303,2
D00574,SKU010,Volta,2025-08-04,2025-08-07,207,197,0
D00091,SKU007,Ashanti ,"Feb 04, 2025",2025-02-07,554,531,2
D00920,SKU008,Northern,01/01/2026,2026-01-03,184,182,0
D00559,SKU007,Northern,08/08/2025,2025-08-11,174,173,1
D00078,SKU006,Greater Accra,2025-02-03,2025-02-06,224,215,1
D00364,SKU004,Greater Accra,04-Jun-25,2025-06-05,354,353,0
D00084,SKU012,Greater Accra,03/02/2025,2025-02-06,442,437,1
D00126,SKU006,Northern,05/02/2025,2025-02-08,164,162,0
D00725,SKU005,Accra,09/11/2025,2025-11-11,465,452,1
D00630,SKU006,northern,03/09/2025,2025-09-04,190,186,0
D00080,SKU008,Greater Accra,06/02/2025,10/02/2025,578,556,0
D00976,SKU004,Eastern,2026-02-05,2026-02-07,264,251,0
D00853,SKU001,Volta,2025-12-01,2025-12-03,310,306,0
D01414,SKU010,Eastern,2026-08-07,08/08/2026,537,512,1
D00365,SKU005,Gt. Accra,2025-06-07,2025-06-10,588,587,1
D01498,SKU010,Northern,2026-09-07,2026-09-09,262,252,0
D00526,SKU010,Ashanti,2025-08-01,2025-08-05,374,356,0
D00307,SKU007,Ashanti,2025-05-06,2025-05-08,307,292,2
D00464,SKU008,Western,09/07/2025,2025-07-11,308,293,1
D00215,SKU011,Volta,2025-03-07,2025-03-09,99,97,0
D01361,SKU005,Volta Region,09/07/2026,2026-07-10,138,137,0
D00671,SKU011,Ashanti,05/10/2025,2025-10-07,413,397,1
D00282,SKU006,volta,2025-04-04,"Apr 08, 2025",208,205,1
D00831,SKU003,Eastern,03/12/2025,2025-12-07,404,403,0
D00419,SKU011,Northern,2025-06-04,2025-06-07,298,286,1
D01171,SKU007,Ashanti,2026-05-01,2026-05-05,328,324,1
D00931,SKU007,Volta,04-Jan-26,2026-01-05,163,154,3
D01070,SKU002,Volta,09/03/2026,10-Mar-26,90,88,1
D01202,SKU002,northern,2026-05-08,12/05/2026,200,194,1
D01216,SKU004,Volta Region,2026-05-06,2026-05-10,80,77,0
D00795,SKU003,Greater Accra,2025-12-06,"Dec 09, 2025",480,474,1
D01461,SKU009,Ashanti,2026-09-01,2026-09-04,334,318,1
D00019,SKU007,ASHANTI,2025-01-02,2025-01-04,374,373,0
D01301,SKU005,Greater Accra,2026-07-05,2026-07-07,682,666,0
D00311,SKU011,Ashanti,02/05/2025,"May 06, 2025",441,433,0
D00655,SKU007,greater accra,09/10/2025,12/10/2025,221,214,0
D00524,SKU008,Ashanti,07/08/2025,09/08/2025,641,610,0
D00908,SKU008,Eastern,2026-01-07,2026-01-10,321,318,0
D00582,SKU006,Gt. Accra,2025-09-04,2025-09-06,491,476,0
D00965,SKU005,Western,2026-02-08,2026-02-11,384,365,1
D01133,SKU005,Northern,05-Apr-26,"Apr 06, 2026",115,109,2
D01180,SKU004,Western,04-May-26,2026-05-07,244,239,1
D00991,SKU007,Northern Region ,2026-02-02,2026-02-06,117,115,0
D01354,SKU010,Northern,2026-07-06,2026-07-09,196,188,1
D00775,SKU007,Northern,2025-11-04,05/11/2025,68,67,1
D00892,SKU004,Western,07/01/2026,2026-01-10,180,171,2
D00832,SKU004,Eastern,02/12/2025,2025-12-04,287,276,0
D01287,SKU003,Volta,2026-06-02,2026-06-04,214,207,1
D01436,SKU008,Volta,2026-08-01,04/08/2026,214,207,1
D00037,SKU001,Eastern,02-Jan-25,04/01/2025,256,250,1
D00581,SKU005,Greater Accra,2025-09-04,2025-09-05,564,555,2
D00776,SKU008,Northern,"Nov 05, 2025",07/11/2025,208,206,0
D00756,SKU012,Western,"Nov 03, 2025",2025-11-05,436,435,0
D00868,SKU004,Greater Accra,2026-01-06,2026-01-08,483,473,0
D00263,SKU011,Eastern Region,08/04/2025,09-Apr-25,505,N/A,0
D00803,SKU011,Greater Accra,2025-12-05,06/12/2025,556,545,0
D00074,SKU002,Greater Accra,2025-02-03,2025-02-05,444,430,2
D00767,SKU011,Eastern Region,"Nov 01, 2025",2025-11-03,106,104,0
D01179,SKU003,Western,01/05/2026,2026-05-05,213,209,0
D01231,SKU007,Greater Accra,2026-06-06,2026-06-08,453,437,1
D00817,SKU001,Western,2025-12-05,09/12/2025,912,878,1
D00999,SKU003,Volta,"Feb 04, 2026",2026-02-09,211,203,1
D00680,SKU008,western,2025-10-02,04/10/2025,367,353,0
D00741,SKU009,Ashanti,"Nov 04, 2025",2025-11-05,148,147,2
D00752,SKU008,Western,2025-11-04,07-Nov-25,310,302,1
D00341,SKU005,northern,"May 09, 2025",12-May-25,53,50,1
D00063,SKU003,Volta,2025-01-09,2025-01-11,95,94,1
D00586,SKU010,Greater Accra,2025-09-01,2025-09-04,478,473,2
D00890,SKU002,Western,2026-01-09,2026-01-11,459,437,0
D01169,SKU005,Ashanti,2026-05-08,2026-05-10,527,506,0
D00985,SKU001,Northern,2026-02-01,2026-02-03,501,477,2
D00079,SKU007,Greater Accra,2025-02-07,2025-02-09,234,231,2
D01049,SKU005,Eastern Region,2026-03-08,11-Mar-26,254,241,0
D01274,SKU002,Northern,2026-06-07,2026-06-08,119,118,0
D00485,SKU005,Northern,"Jul 08, 2025",2025-07-10,168,164,0
D01241,SKU005,Ashanti,2026-06-05,08-Jun-26,505,504,0
D00194,SKU002,Northern,2025-03-07,"Mar 11, 2025",276,263,0
D00717,SKU009,volta,2025-10-02,2025-10-06,191,183,1
D01031,SKU011,Ashanti,01/03/2026,2026-03-05,308,303,0
D00518,SKU002,Ashanti,2025-08-02,2025-08-05,472,462,0
D00876,SKU012,greater accra,2026-01-08,11/01/2026,400,384,1
D00905,SKU005,EASTERN,2026-01-03,2026-01-05,218,208,0
D00702,SKU006,Northern,2025-10-04,2025-10-07,140,139,1
D00396,SKU012,Western,2025-06-03,2025-06-05,276,266,1
D00453,SKU009,Ashanti,01-Jul-25,04/07/2025,308,307,0
D00977,SKU005,Eastern,2026-02-03,"Feb 06, 2026",206,202,0
D01445,SKU005,Accra,09/09/2026,2026-09-13,687,664,0
D00547,SKU007,Eastern,04/08/2025,2025-08-07,99,97,0
D00722,SKU002,greater accra,02/11/2025,2025-11-04,578,552,N/A
D00879,SKU003,Ashanti,2026-01-08,10/01/2026,575,556,1
D00308,SKU008,Ashanti,2025-05-06,09-May-25,390,380,1
D01469,SKU005,Western,01-Sep-26,2026-09-03,426,417,N/A
D00962,SKU002,Western,02-Feb-26,2026-02-06,441,435,1
D00195,SKU003,Northern,06/03/2025,"Mar 07, 2025",173,168,0
D01425,SKU009,Northern,02/08/2026,04/08/2026,170,168,2
D00338,SKU002,Northern,02-May-25,2025-05-05,303,288,3
D00181,SKU001,Eastern,2025-03-04,06-Mar-25,463,461,0
D01295,SKU011,volta,07/06/2026,"Jun 08, 2026",196,186,0
D01292,SKU008,Volta,2026-06-08,2026-06-11,77,76,1
D01183,SKU007,Western,2026-05-07,"May 10, 2026",248,237,2
D01284,SKU012,Northern,04/06/2026,"Jun 07, 2026",244,243,3
D01050,SKU006,Eastern Region,2026-03-03,04-Mar-26,361,348,0
D01201,SKU001,Northern,01/05/2026,"May 03, 2026",164,162,1
D00278,SKU002,Volta,2025-04-01,2025-04-03,71,69,0
D01433,SKU005,volta,2026-08-05,07/08/2026,139,138,1
D00840,SKU012,Eastern,2025-12-07,2025-12-09,473,452,0
D00015,SKU003,Ashanti,2025-01-01,2025-01-02,342,341,0
D00898,SKU010,Western,09-Jan-26,2026-01-12,409,391,0
D00716,SKU008,Volta,02/10/2025,2025-10-03,113,112,0
D01154,SKU002,greater accra,04-May-26,"May 08, 2026",694,670,1
D00250,SKU010,Western,2025-04-05,2025-04-06,320,305,0
D00415,SKU007,northern,2025-06-01,"Jun 03, 2025",132,129,0
D00784,SKU004,Volta,2025-11-09,2025-11-12,111,109,0
D01499,SKU011,Northern,2026-09-07,2026-09-09,201,200,1
D00555,SKU003,northern,2025-08-01,"Aug 05, 2025",92,87,0
D00305,SKU005,Ashanti,"May 09, 2025",2025-05-12,559,549,0
D00944,SKU008,Greater Accra,"Feb 04, 2026",2026-02-07,751,747,2
D00258,SKU006,EASTERN,2025-04-08,2025-04-11,409,401,1
D01496,SKU008,Northern,"Sep 05, 2026",2026-09-08,199,190,1
D00696,SKU012,Eastern,2025-10-04,07/10/2025,136,129,1
D00933,SKU009,volta,2026-01-06,2026-01-09,54,52,0
D00812,SKU008,Ashanti ,02/12/2025,2025-12-05,346,335,1
D00507,SKU003,Greater Accra,"Aug 08, 2025",12-Aug-25,388,387,1
D01490,SKU002,Northern,2026-09-05,"Sep 07, 2026",131,125,0
D01351,SKU007,Northern,01/07/2026,2026-07-03,139,137,1
D00894,SKU006,Western,2026-01-09,2026-01-12,212,210,0
D00633,SKU009,Northern,2025-09-09,12/09/2025,87,86,0
D01115,SKU011,western,06/04/2026,2026-04-08,504,500,0
D00107,SKU011,Western Region,04/02/2025,07/02/2025,312,302,1
D00626,SKU002,Northern,2025-09-02,2025-09-05,196,189,1
D01276,SKU004,Northern,2026-06-09,2026-06-11,50,48,1
D01224,SKU012,volta,01/05/2026,2026-05-03,275,269,0
D00393,SKU009,Western Region,06/06/2025,07-Jun-25,307,293,1
D00132,SKU012,Northern,01/02/2025,2025-02-03,196,188,0
D01068,SKU012,Northern,2026-03-01,2026-03-02,151,143,1
D01311,SKU003,Ashanti,2026-07-01,2026-07-13,669,475,10
D00160,SKU004,Ashanti,07-Mar-25,2025-03-09,206,199,0
D00138,SKU006,volta,2025-02-09,13/02/2025,150,144,0
D01365,SKU009,Volta,2026-07-09,2026-07-12,89,87,0
D00169,SKU001,Western,"Mar 03, 2025",2025-03-06,736,732,0
D01111,SKU007,Western,09/04/2026,2026-04-11,278,269,1
D01087,SKU007,Greater Accra,2026-04-08,2026-04-10,412,407,0
D00851,SKU011,Northern,2025-12-02,2025-12-05,289,283,2
D01353,SKU009,northern,2026-07-05,2026-07-07,15,14,1
D01099,SKU007,Ashanti,06/04/2026,2026-04-07,367,365,0
D01341,SKU009,EASTERN,2026-07-07,10/07/2026,132,129,0
D01240,SKU004,ASHANTI,2026-06-08,2026-06-10,317,311,1
D01188,SKU012,Western,2026-05-04,05/05/2026,560,558,0
D00295,SKU007,Greater Accra,2025-05-04,2025-05-07,705,679,1
D00221,SKU005,Greater Accra,2025-04-03,"Apr 06, 2025",406,387,0
D00478,SKU010,Eastern,2025-07-02,2025-07-05,215,206,0
D01332,SKU012,Western,01/07/2026,03/07/2026,227,220,1
D00981,SKU009,Eastern,2026-02-02,2026-02-03,433,430,1
D01191,SKU003,Eastern,2026-05-08,09-May-26,203,195,0
D00801,SKU009,Greater Accra,06-Dec-25,2025-12-08,296,281,1
D00672,SKU012,Ashanti,2025-10-09,14/10/2025,607,587,1
D00182,SKU002,Eastern,2025-03-05,2025-03-07,194,189,1
D01285,SKU001,Volta,2026-06-03,2026-06-05,216,205,0
D00473,SKU005,Eastern,09/07/2025,2025-07-11,302,288,0
D00642,SKU006,volta,"Sep 06, 2025",2025-09-10,273,265,0
D00975,SKU003,Eastern,2026-02-03,2026-02-06,289,285,0
D00494,SKU002,Volta,2025-07-01,03/07/2025,153,147,1
D00054,SKU006,Northern,04/01/2025,06/01/2025,119,114,1
D00283,SKU007,Volta Region,2025-04-08,"Apr 10, 2025",138,131,0
D00523,SKU007,ASHANTI,06/08/2025,08/08/2025,381,373,1
D00598,SKU010,Ashanti,2025-09-07,"Sep 10, 2025",288,278,1
D00429,SKU009,Volta,06/06/2025,07/06/2025,130,127,0
D01105,SKU001,Western,08/04/2026,"Apr 10, 2026",520,500,0
D00417,SKU009,northern,09/06/2025,12-Jun-25,73,72,0
D01479,SKU003,Eastern,05/09/2026,07-Sep-26,103,98,0
D00382,SKU010,Ashanti,2025-06-04,2025-06-07,448,444,1
D01020,SKU012,Greater Accra,2026-03-09,13/03/2026,670,668,0
D01465,SKU001,Western,"Sep 01, 2026",2026-09-04,637,635,0
D00296,SKU008,Greater Accra,2025-05-09,12/05/2025,492,477,0
D00596,SKU008,Ashanti,2025-09-08,2025-09-10,580,558,1
D01374,SKU006,Greater Accra,"Aug 09, 2026",2026-08-11,498,494,0
D01006,SKU010,Volta,2026-02-02,2026-02-05,126,122,1
D01172,SKU008,Ashanti,03-May-26,2026-05-06,463,455,0
D00804,SKU012,Greater Accra,05/12/2025,2025-12-08,879,866,4
D01273,SKU001,northern,09-Jun-26,11/06/2026,282,N/A,2
D01130,SKU002,Northern,2026-04-04,06/04/2026,439,428,0
D01449,SKU009,Greater Accra,2026-09-04,2026-09-08,455,442,0
D00482,SKU002,Northern,2025-07-06,2025-07-08,144,139,0
D00325,SKU001,Eastern,2025-05-03,2025-05-06,462,458,2
D00279,SKU003,Volta,"Apr 07, 2025","Apr 08, 2025",250,249,0
D00168,SKU012,Ashanti,2025-03-05,07/03/2025,494,475,0
D01333,SKU001,Eastern,04/07/2026,06/07/2026,685,658,3
D00652,SKU004,GREATER ACCRA,02/10/2025,2025-10-04,412,401,1
D00777,SKU009,Northern Region ,2025-11-03,"Nov 07, 2025",172,167,0
D00185,SKU005,Eastern,"Mar 02, 2025",2025-03-07,310,295,1
D00735,SKU003,Ashanti ,"Nov 08, 2025",2025-11-12,544,526,0
D01275,SKU003,northern,2026-06-05,2026-06-09,170,168,1
D00504,SKU012,Volta,"Jul 09, 2025",10/07/2025,108,106,0
D00974,SKU002,Eastern,2026-02-06,2026-02-07,364,347,0
D00094,SKU010,Ashanti,"Feb 07, 2025",2025-02-11,424,412,0
D01322,SKU002,western,2026-07-05,2026-07-07,623,594,0
D00682,SKU010,Western,09/10/2025,2025-10-12,360,347,1
D00220,SKU004,Greater Accra,07/04/2025,2025-04-10,574,554,0
D01421,SKU005,Northern,2026-08-09,2026-08-12,100,97,0
D01199,SKU011,EASTERN,2026-05-09,2026-05-12,279,267,0
D00131,SKU011,Northern,04/02/2025,05-Feb-25,127,124,0
D01177,SKU001,Western,2026-05-06,08-May-26,540,531,0
D01510,SKU010,Volta Region,07/09/2026,2026-09-09,61,59,0
D01256,SKU008,Western,05/06/2026,2026-06-07,472,457,0
D00115,SKU007,Eastern,"Feb 08, 2025",10/02/2025,204,198,1
D00823,SKU007,Western,2025-12-05,2025-12-08,405,400,1
D00887,SKU011,Ashanti,2026-01-07,2026-01-09,455,453,0
D01481,SKU005,Eastern Region,"Sep 04, 2026",2026-09-07,368,365,1
D01017,SKU009,Gt. Accra,2026-03-02,2026-03-07,399,380,0
D00932,SKU008,Volta,2026-01-02,2026-01-06,128,125,1
D01102,SKU010,Ashanti,2026-04-01,2026-04-02,388,383,0
D00927,SKU003,Volta,"Jan 06, 2026",2026-01-08,87,85,1
D00055,SKU007,Northern,2025-01-04,2025-01-07,237,N/A,1
D01159,SKU007,Greater Accra,"May 02, 2026",06/05/2026,552,545,1
D00450,SKU006,Ashanti ,"Jul 08, 2025",10/07/2025,231,227,1
D00595,SKU007,Ashanti,2025-09-09,2025-09-13,573,562,0
D01456,SKU004,Ashanti,2026-09-01,2026-09-15,567,444,13
D00902,SKU002,Eastern,06/01/2026,09/01/2026,432,412,0
D00839,SKU011,Eastern,02-Dec-25,2025-12-03,250,238,0
D00790,SKU010,Volta,2025-11-01,03/11/2025,94,90,1
D01372,SKU004,Greater Accra,03-Aug-26,2026-08-04,333,324,1
D00447,SKU003,Ashanti,01/07/2025,04/07/2025,418,417,0
D00124,SKU004,Northern Region ,2025-02-07,09-Feb-25,283,273,0
D00112,SKU004,Eastern,01-Feb-25,03-Feb-25,180,172,2
D00214,SKU010,Volta,06/03/2025,2025-03-07,194,185,1
D01405,SKU001,Eastern,06/08/2026,09/08/2026,432,413,1
D00065,SKU005,Volta,08-Jan-25,"Jan 11, 2025",133,127,4
D00040,SKU004,Eastern,04/01/2025,2025-01-06,207,203,0
D01489,SKU001,Northern,2026-09-01,2026-09-05,225,218,0
D00209,SKU005,Volta,"Mar 01, 2025","Mar 02, 2025",231,230,N/A
D00424,SKU004,Volta,2025-06-05,2025-06-07,61,58,0
D00912,SKU012,Eastern,04/01/2026,2026-01-08,327,322,1
D00772,SKU004,Northern,05-Nov-25,07/11/2025,150,149,0
D00929,SKU005,Volta,09-Jan-26,2026-01-10,173,170,1
D01238,SKU002,Ashanti,07/06/2026,2026-06-10,488,476,0
D01300,SKU004,Greater Accra,2026-07-05,2026-07-06,529,513,1
D00193,SKU001,Northern,2025-03-01,2025-03-05,308,307,2
D01107,SKU003,western,2026-04-02,04-Apr-26,388,374,0
D00475,SKU007,Eastern,"Jul 04, 2025",2025-07-07,315,307,1
D00204,SKU012,Northern Region ,2025-03-02,2025-03-07,92,90,1
D00025,SKU001,Western Region,09-Jan-25,14/01/2025,418,400,0
D00008,SKU008,Greater Accra,06-Jan-25,10/01/2025,491,478,3
D00644,SKU008,Volta,2025-09-03,2025-09-06,185,177,1
D00061,SKU001,Volta Region,2025-01-04,2025-01-07,131,128,0
D01313,SKU005,Ashanti,2026-07-05,2026-07-09,570,552,1
D00476,SKU008,Eastern,05/07/2025,2025-07-07,317,302,1
D01110,SKU006,Western,2026-04-02,05-Apr-26,472,454,1
D01255,SKU007,Western,09-Jun-26,2026-06-10,547,528,1
D01451,SKU011,Greater Accra,"Sep 06, 2026",2026-09-09,332,323,0
D01043,SKU011,Western,02-Mar-26,2026-03-05,315,304,1
D00118,SKU010,Eastern,2025-02-09,"Feb 12, 2025",257,248,1
D00058,SKU010,Northern,08/01/2025,11/01/2025,134,129,0
D01221,SKU009,Volta,01/05/2026,"May 04, 2026",153,151,2
D00557,SKU005,Northern,2025-08-08,11/08/2025,238,227,0
D00102,SKU006,Western,2025-02-09,14/02/2025,225,215,0
D00452,SKU008,Ashanti,01/07/2025,04/07/2025,347,334,0
D00949,SKU001,Ashanti,2026-02-01,2026-02-03,883,878,1
D00744,SKU012,Ashanti,02-Nov-25,2025-11-05,372,363,N/A
D01382,SKU002,ASHANTI,06-Aug-26,21-Aug-26,285,218,13
D01227,SKU003,Greater Accra,2026-06-07,2026-06-10,506,487,1
D00859,SKU007,Volta,2025-12-04,05/12/2025,205,201,1
D00807,SKU003,Ashanti,2025-12-02,"Dec 04, 2025",578,566,1
D01264,SKU004,Eastern,03/06/2026,06-Jun-26,321,317,1
D01149,SKU009,Volta,"Apr 06, 2026",2026-04-08,173,164,0
D00686,SKU002,Eastern,05-Oct-25,08-Oct-25,260,256,0
D00081,SKU009,Greater Accra,2025-02-05,2025-02-08,385,367,0
D01378,SKU010,Greater Accra,2026-08-08,2026-08-10,391,380,0
D00213,SKU009,Volta,2025-03-04,05/03/2025,91,90,0
D00521,SKU005,Ashanti,04/08/2025,2025-08-05,328,319,0
D00385,SKU001,Western,2025-06-03,2025-06-05,381,368,0
D01109,SKU005,Western,"Apr 08, 2026",2026-04-10,422,415,1
D00584,SKU008,greater accra,2025-09-08,2025-09-10,600,591,1
D00109,SKU001,Eastern,06-Feb-25,09/02/2025,363,354,0
D01422,SKU006,Northern,2026-08-03,2026-08-05,193,184,0
D00542,SKU002,Eastern,05/08/2025,07/08/2025,312,306,0
D00360,SKU012,Volta,2025-05-01,2025-05-03,176,N/A,1
D00177,SKU009,western,2025-03-04,07/03/2025,195,192,N/A
D00352,SKU004,Volta,"May 03, 2025",2025-05-05,160,156,2
D01080,SKU012,Volta,02-Mar-26,2026-03-04,98,96,1
D00761,SKU005,Eastern,2025-11-04,2025-11-08,273,271,0
D00491,SKU011,Northern,2025-07-02,2025-07-04,95,90,0
D00267,SKU003,Northern,2025-04-09,11-Apr-25,134,129,1
D00321,SKU009,Western Region,2025-05-06,08-May-25,156,151,1
D00593,SKU005,Ashanti,05/09/2025,2025-09-07,459,448,2
D00624,SKU012,Eastern,2025-09-07,2025-09-10,225,218,0
D00855,SKU003,Volta,2025-12-05,09/12/2025,161,158,0
D00082,SKU010,Greater Accra,06-Feb-25,08/02/2025,344,326,0
D00269,SKU005,Northern,"Apr 04, 2025",2025-04-07,270,259,1
D01245,SKU009,Ashanti,2026-06-08,2026-06-13,249,N/A,0
D00268,SKU004,Northern,2025-04-07,"Apr 09, 2025",113,109,1
D00098,SKU002,western,2025-02-04,05-Feb-25,309,298,4
D00143,SKU011,Volta,2025-02-03,2025-02-06,130,128,0
D00943,SKU007,Greater Accra,2026-02-03,05/02/2026,414,399,2
D00531,SKU003,Western,02/08/2025,04/08/2025,263,257,1
D00379,SKU007,Ashanti,2025-06-05,06/06/2025,226,219,0
D00062,SKU002,Volta,09/01/2025,2025-01-11,246,240,0
D01486,SKU010,Eastern,2026-09-02,2026-09-05,280,267,0
D00782,SKU002,Volta,2025-11-03,04-Nov-25,253,245,2
D01438,SKU010,Volta,2026-08-03,07/08/2026,236,224,1
D00862,SKU010,Volta,09/12/2025,12/12/2025,195,185,0
D01434,SKU006,Volta Region,04/08/2026,07/08/2026,221,220,1
D00023,SKU011,Ashanti,2025-01-06,09/01/2025,371,354,2
D00629,SKU005,Northern,04/09/2025,2025-09-07,203,201,1
D01203,SKU003,Northern,2026-05-08,2026-05-12,267,254,1
D00774,SKU006,Northern,2025-11-04,2025-11-06,201,200,1
D00384,SKU012,Ashanti,08/06/2025,2025-06-11,527,508,0
D00349,SKU001,Volta,09/05/2025,12/05/2025,366,358,4
D01331,SKU011,Western,05/07/2026,2026-07-07,475,453,0
D00351,SKU003,Volta,"May 08, 2025",12/05/2025,258,253,0
D00658,SKU010,Greater Accra,2025-10-06,09/10/2025,494,488,2
D00435,SKU003,Greater Accra,"Jul 04, 2025",2025-07-06,500,498,0
D00688,SKU004,Eastern,"Oct 02, 2025",04/10/2025,303,295,0
D00217,SKU001,Gt. Accra,2025-04-08,2025-04-09,547,541,1
D01073,SKU005,Volta,2026-03-04,2026-03-06,181,173,0
D00388,SKU004,western,08-Jun-25,09-Jun-25,423,415,2
D00178,SKU010,Western Region,06/03/2025,2025-03-09,273,261,1
D01485,SKU009,Eastern,2026-09-03,2026-09-07,253,245,0
D00715,SKU007,Volta,2025-10-07,08-Oct-25,223,212,0
D00459,SKU003,western,04-Jul-25,2025-07-08,359,345,1
D00865,SKU001,Greater Accra,07-Jan-26,2026-01-09,612,589,0
D01409,SKU005,Eastern,2026-08-06,09/08/2026,315,303,3
D00004,SKU004,Greater Accra,03/01/2025,2025-01-04,341,325,1
D00264,SKU012,EASTERN,2025-04-05,06/04/2025,476,462,1
D00433,SKU001,Accra,"Jul 02, 2025","Jul 05, 2025",801,800,1
D00492,SKU012,Northern,2025-07-08,2025-07-11,182,178,0
D00505,SKU001,Greater Accra,"Aug 04, 2025",2025-08-07,1086,1051,0
D00971,SKU011,western,2026-02-06,2026-02-10,276,267,0
D00647,SKU011,Volta,09/09/2025,2025-09-13,81,80,0
D00764,SKU008,Eastern,2025-11-01,03/11/2025,466,461,0
D00398,SKU002,Eastern,03-Jun-25,05/06/2025,610,606,0
D01016,SKU008,Greater Accra,07/03/2026,2026-03-12,364,348,2
D01508,SKU008,volta,2026-09-01,03/09/2026,178,176,0
D00445,SKU001,ashanti region,"Jul 04, 2025",2025-07-08,616,592,3
D00537,SKU009,Western,2025-08-04,"Aug 07, 2025",231,224,0
D00753,SKU009,Western,07-Nov-25,2025-11-09,140,134,1
D00201,SKU009,Northern Region ,2025-03-09,12/03/2025,137,130,0
D00202,SKU010,Northern,05/03/2025,"Mar 07, 2025",158,151,0
D01359,SKU003,volta,06/07/2026,07/07/2026,148,146,0
D01039,SKU007,western,2026-03-09,12/03/2026,304,295,0
D00564,SKU012,Northern,06/08/2025,2025-08-10,142,136,1
D00883,SKU007,Ashanti,2026-01-05,2026-01-08,295,290,1
D00769,SKU001,northern,2025-11-07,11-Nov-25,166,164,2
D00700,SKU004,northern,2025-10-06,2025-10-08,127,121,0
D00508,SKU004,Accra,2025-08-02,03/08/2025,441,426,0
D01223,SKU011,Volta,"May 03, 2026",06/05/2026,155,154,0
D00472,SKU004,Eastern,2025-07-03,2025-07-05,113,110,2
D00033,SKU009,Western,2025-01-08,11/01/2025,239,235,0
D00272,SKU008,Northern,2025-04-04,2025-04-06,171,170,2
D00408,SKU012,Eastern,"Jun 06, 2025",2025-06-07,205,201,1
D00904,SKU004,Eastern,03/01/2026,2026-01-04,320,317,1
D00821,SKU005,western,2025-12-04,2025-12-05,403,394,0
D00471,SKU003,Eastern,03/07/2025,2025-07-06,307,292,1
D01026,SKU006,ASHANTI,2026-03-04,06/03/2026,374,366,0
D00911,SKU011,Eastern,2026-01-08,"Jan 13, 2026",171,165,0
D01413,SKU009,Eastern,05/08/2026,2026-08-06,107,104,1
D00383,SKU011,Ashanti,05/06/2025,2025-06-08,287,279,0
D00275,SKU011,Northern,03/04/2025,2025-04-07,130,129,0
D01018,SKU010,Greater Accra,04/03/2026,06/03/2026,571,564,0
D00007,SKU007,Greater Accra,2025-01-02,2025-01-04,325,319,0
D00901,SKU001,Eastern,2026-01-05,08-Jan-26,413,406,0
D01029,SKU009,ashanti region,2026-03-09,2026-03-10,422,412,1
D01464,SKU012,Ashanti,"Sep 03, 2026",2026-09-07,591,576,0
D00211,SKU007,Volta,02/03/2025,04/03/2025,201,198,0
D00123,SKU003,northern,09/02/2025,11/02/2025,321,317,1
D01370,SKU002,Greater Accra,2026-08-09,2026-08-13,496,480,2
D00826,SKU010,Western,2025-12-06,"Dec 08, 2025",394,375,0
D00002,SKU002,Greater Accra,2025-01-06,2025-01-07,564,551,1
D00814,SKU010,Ashanti,2025-12-08,"Dec 10, 2025",497,493,0
D01158,SKU006,greater accra,02-May-26,06-May-26,412,398,1
D01120,SKU004,EASTERN,04/04/2026,05/04/2026,283,280,2
D01089,SKU009,Greater Accra,05-Apr-26,2026-04-07,561,559,2
D00941,SKU005,Greater Accra,2026-02-07,2026-02-11,492,468,1
D00312,SKU012,Ashanti,2025-05-05,2025-05-08,325,310,0
D00235,SKU007,Ashanti,09-Apr-25,2025-04-11,387,373,0
D00101,SKU005,Western,02/02/2025,04/02/2025,400,389,0
D00319,SKU007,Western Region,01/05/2025,"May 02, 2025",204,196,2
D00339,SKU003,Northern,04/05/2025,2025-05-06,108,103,N/A
D00404,SKU008,Eastern,2025-06-07,2025-06-08,393,391,1
D00390,SKU006,Western,2025-06-02,2025-06-05,341,333,0
D00104,SKU008,Western,2025-02-02,04/02/2025,279,277,1
D00197,SKU005,Northern,2025-03-06,2025-03-08,55,53,0
D01187,SKU011,Western,2026-05-04,"May 06, 2026",359,342,1
D00591,SKU003,Ashanti,02/09/2025,05-Sep-25,491,490,0
D00942,SKU006,Greater Accra,05/02/2026,2026-02-08,242,234,1
D00622,SKU010,Eastern,2025-09-06,09/09/2025,343,329,1
D00135,SKU003,Volta,"Feb 09, 2025",12/02/2025,197,196,0
D01232,SKU008,Greater Accra,09-Jun-26,2026-06-13,427,409,2
D00701,SKU005,Northern,2025-10-01,"Oct 04, 2025",221,220,1
D00411,SKU003,Northern Region ,07-Jun-25,2025-06-12,233,223,0
D00299,SKU011,Greater Accra,2025-05-01,05/05/2025,537,520,0
D01234,SKU010,Greater Accra,07/06/2026,2026-06-10,513,501,1
D00669,SKU009,Ashanti ,2025-10-08,2025-10-11,342,340,0
D00465,SKU009,Western,2025-07-03,2025-07-06,313,300,0
D00600,SKU012,Ashanti,2025-09-06,"Sep 09, 2025",506,489,1
D00552,SKU012,Eastern Region,2025-08-02,04-Aug-25,295,286,2
D00161,SKU005,Ashanti,2025-03-04,07/03/2025,381,366,0
D00636,SKU012,Northern,09-Sep-25,11/09/2025,185,177,1
D01193,SKU005,Eastern,2026-05-02,2026-05-05,501,487,0
D01488,SKU012,Eastern,2026-09-06,2026-09-07,421,401,1
D01328,SKU008,Western,"Jul 03, 2026",2026-07-04,302,292,3
D00615,SKU003,Eastern,02-Sep-25,05/09/2025,235,226,1
D01130,SKU002,Northern,2026-04-04,06/04/2026,439,428,0
D01475,SKU011,Western,2026-09-07,08/09/2026,447,437,0
D00236,SKU008,Ashanti,2025-04-03,"Apr 05, 2025",433,431,1
D01344,SKU012,Eastern,"Jul 05, 2026",2026-07-08,226,217,2
D00086,SKU002,Ashanti,2025-02-04,2025-02-05,505,480,3
D00366,SKU006,Greater Accra,2025-06-09,2025-06-13,384,368,3
D01419,SKU003,Northern,02/08/2026,2026-08-05,223,215,1
D00233,SKU005,Ashanti,2025-04-03,05/04/2025,478,454,0
D01010,SKU002,Greater Accra,"Mar 05, 2026",06/03/2026,571,563,1
D00372,SKU012,Greater Accra,"Jun 02, 2025",05/06/2025,487,464,0
D00017,SKU005,Ashanti,07/01/2025,2025-01-10,347,335,1
D01380,SKU012,Accra,2026-08-01,2026-08-04,648,637,0
D01071,SKU003,Volta,05/03/2026,2026-03-06,122,119,1
D00573,SKU009,Volta,06/08/2025,2025-08-08,67,66,0
D00345,SKU009,northern,07/05/2025,2025-05-10,189,N/A,3
D00130,SKU010,Northern,08/02/2025,2025-02-12,284,274,0
D00270,SKU006,Northern,05/04/2025,2025-04-06,80,79,1
D00614,SKU002,Eastern Region,2025-09-01,2025-09-04,316,311,0
D01392,SKU012,Ashanti,2026-08-01,2026-08-03,592,586,2
D00095,SKU011,ashanti region,02-Feb-25,2025-02-06,169,N/A,2
D01249,SKU001,Western,07/06/2026,10/06/2026,567,553,3
D01423,SKU007,Northern,03-Aug-26,05/08/2026,158,150,2
D00628,SKU004,Northern,"Sep 02, 2025",2025-09-04,310,304,0
D00196,SKU004,Northern Region ,06/03/2025,08/03/2025,256,250,0
D01385,SKU005,Ashanti,2026-08-03,2026-08-05,633,611,0
D00243,SKU003,Western,2025-04-05,2025-04-07,413,402,0
D00882,SKU006,ASHANTI,2026-01-06,2026-01-09,415,399,1
D01104,SKU012,Ashanti,2026-04-06,10/04/2026,250,242,0
D01500,SKU012,Northern Region ,06/09/2026,09/09/2026,211,204,0
D00044,SKU008,Eastern,2025-01-04,2025-01-06,269,260,3
D00802,SKU010,Greater Accra,06-Dec-25,"Dec 07, 2025",492,484,0
D01045,SKU001,Eastern Region,2026-03-05,07/03/2026,278,273,0
D00206,SKU002,Volta,2025-03-06,07-Mar-25,153,147,1
D01288,SKU004,Volta,2026-06-08,12/06/2026,186,177,2
D00793,SKU001,Greater Accra,2025-12-02,06-Dec-25,1242,1201,2
D00362,SKU002,greater accra,06/06/2025,09/06/2025,495,490,3
D00092,SKU008,Ashanti,2025-02-09,2025-02-11,306,293,0
D01175,SKU011,Ashanti,"May 05, 2026",2026-05-07,296,295,1
D01219,SKU007,Volta,2026-05-05,09/05/2026,118,114,1
D00083,SKU011,Greater Accra,07/02/2025,09/02/2025,347,342,1
D01112,SKU008,Western,06/04/2026,"Apr 10, 2026",528,514,1
D01329,SKU009,Western,2026-07-07,2026-07-10,471,456,1
D01166,SKU002,Ashanti,2026-05-03,2026-05-04,966,951,1
D01244,SKU008,Ashanti,2026-06-04,2026-06-08,565,543,0
D00340,SKU004,Northern,2025-05-07,2025-05-09,120,115,0
D01222,SKU010,Volta,02/05/2026,"May 05, 2026",127,120,2
D01064,SKU008,Northern,01-Mar-26,"Mar 04, 2026",295,281,0
D00734,SKU002,ASHANTI,2025-11-09,2025-11-12,679,660,0
D00097,SKU001,Western,2025-02-05,"Feb 07, 2025",517,503,2
D00085,SKU001,Ashanti,2025-02-04,07/02/2025,544,522,3
D00818,SKU002,Western,07-Dec-25,11/12/2025,668,641,0
D00757,SKU001,Eastern,2025-11-05,07/11/2025,543,534,0
D00703,SKU007,Northern,2025-10-04,2025-10-06,185,181,1
D00763,SKU007,Eastern,"Nov 04, 2025",08/11/2025,170,167,1
D01462,SKU010,Ashanti,2026-09-02,05-Sep-26,416,404,1
D00315,SKU003,Western,2025-05-05,07-May-25,369,352,0
D00885,SKU009,Ashanti,04/01/2026,2026-01-07,313,309,2
D00779,SKU011,Northern,2025-11-06,2025-11-09,254,252,0
D00711,SKU003,Volta,2025-10-02,04/10/2025,202,193,0
D00620,SKU008,Eastern Region,2025-09-04,2025-09-07,245,238,1
D01014,SKU006,Greater Accra,2026-03-05,07/03/2026,405,393,0
D00634,SKU010,Northern,"Sep 09, 2025",11/09/2025,56,55,2
D00556,SKU004,Northern,09/08/2025,2025-08-11,139,137,0
D01197,SKU009,Eastern,2026-05-04,06-May-26,75,72,1
D00198,SKU006,Northern,06/03/2025,2025-03-09,120,118,0
D01416,SKU012,Eastern,04/08/2026,2026-08-05,352,340,1
D00852,SKU012,Northern Region ,2025-12-06,2025-12-08,142,141,0
D01387,SKU007,Ashanti,2026-08-03,07-Aug-26,427,426,1
D00979,SKU007,Eastern,07/02/2026,2026-02-08,202,192,0
D00785,SKU005,Volta,"Nov 09, 2025",2025-11-12,238,234,0
D00141,SKU009,Volta,2025-02-07,2025-02-09,72,69,0
D00915,SKU003,Northern,03/01/2026,2026-01-06,46,44,1
D00049,SKU001,Northern,2025-01-08,2025-01-14,227,225,2
D01052,SKU008,EASTERN,05/03/2026,2026-03-08,228,225,0
D00951,SKU003,Ashanti,09-Feb-26,2026-02-10,476,468,0
D01121,SKU005,Eastern,07/04/2026,2026-04-10,460,455,1
D00770,SKU002,Northern,07-Nov-25,"Nov 10, 2025",266,256,1
D00242,SKU002,Western Region,2025-04-02,"Apr 04, 2025",504,482,2
D00029,SKU005,Western,02/01/2025,04-Jan-25,367,357,0
D01415,SKU011,Eastern,2026-08-09,"Aug 10, 2026",279,265,1
D01437,SKU009,Volta,2026-08-03,04/08/2026,132,130,0
D01085,SKU005,Greater Accra,2026-04-06,08/04/2026,603,581,0
D00013,SKU001,Ashanti,2025-01-07,2025-01-09,735,734,2
D01494,SKU006,northern,2026-09-03,2026-09-06,153,145,0
D01046,SKU002,Eastern,2026-03-09,2026-03-11,222,216,1
D01094,SKU002,Ashanti,2026-04-06,07-Apr-26,865,855,1
D00986,SKU002,Northern,03/02/2026,2026-02-07,298,N/A,0
D00174,SKU006,Western,08/03/2025,2025-03-09,210,204,0
D01063,SKU007,Northern,2026-03-02,05-Mar-26,196,189,2
D01335,SKU003,Eastern,2026-07-06,08/07/2026,296,284,2
D00470,SKU002,Eastern,2025-07-06,2025-07-10,372,364,0
D00273,SKU009,Northern,2025-04-06,2025-04-10,130,127,0
D00900,SKU012,Western,"Jan 08, 2026",2026-01-11,561,538,0
D00674,SKU002,Western,07-Oct-25,2025-10-10,564,563,1
D01315,SKU007,Ashanti,04-Jul-26,"Jul 06, 2026",537,525,1
D00070,SKU010,Volta,2025-01-07,2025-01-11,60,58,0
D01048,SKU004,Eastern,2026-03-02,2026-03-04,204,193,1
D00857,SKU005,Volta,2025-12-02,05-Dec-25,157,155,2
D01375,SKU007,Accra,02/08/2026,03/08/2026,630,629,0
D00330,SKU006,Eastern Region,2025-05-05,2025-05-07,194,193,0
D00607,SKU007,Western,"Sep 08, 2025",2025-09-11,147,144,0
D00387,SKU003,Western,01/06/2025,2025-06-05,249,237,0
D00562,SKU010,Northern,"Aug 01, 2025",2025-08-03,112,111,0
D00303,SKU003,Ashanti,04/05/2025,2025-05-08,155,150,1
D01397,SKU005,Western,03/08/2026,"Aug 05, 2026",396,384,1
D01367,SKU011,Volta,2026-07-07,10/07/2026,194,185,0
D01364,SKU008,volta,07/07/2026,08-Jul-26,257,252,0
D01155,SKU003,Greater Accra,2026-05-03,07/05/2026,234,230,2
D00347,SKU011,Northern,2025-05-03,2025-05-07,134,128,1
D01211,SKU011,Northern,2026-05-03,06/05/2026,294,290,0
D00356,SKU008,Volta,"May 09, 2025",2025-05-11,285,271,1
D00698,SKU002,northern,"Oct 01, 2025",2025-10-04,161,153,0
D00848,SKU008,Northern,"Dec 01, 2025",2025-12-04,381,364,0
D00623,SKU011,Eastern,2025-09-07,10-Sep-25,139,137,1
D01162,SKU010,greater accra,2026-05-05,07-May-26,353,352,0
D00529,SKU001,Western,05/08/2025,2025-08-06,709,686,2
D00797,SKU005,greater accra,2025-12-09,12/12/2025,847,833,0
D00218,SKU002,Greater Accra,2025-04-05,2025-04-07,499,475,0
D00604,SKU004,Western,05/09/2025,2025-09-07,321,307,0
D00925,SKU001,volta,05/01/2026,2026-01-07,414,N/A,N/A
D01023,SKU003,Ashanti,"Mar 05, 2026",2026-03-06,449,432,2
D00884,SKU008,Ashanti,07/01/2026,09/01/2026,253,245,1
D00454,SKU010,Ashanti,2025-07-09,2025-07-12,486,481,0
D00511,SKU007,Greater Accra,04-Aug-25,2025-08-08,202,195,0
D00416,SKU008,Northern,2025-06-02,06-Jun-25,198,196,N/A
D01229,SKU005,Greater Accra,2026-06-03,06/06/2026,618,590,2
D00808,SKU004,Ashanti,2025-12-03,07-Dec-25,249,244,2
D00689,SKU005,Eastern Region,2025-10-05,2025-10-08,295,282,2
D00836,SKU008,Eastern,2025-12-01,04/12/2025,316,310,1
D00530,SKU002,Western,08/08/2025,11/08/2025,425,404,0
D01468,SKU004,Western,06/09/2026,2026-09-08,408,399,0
D00844,SKU004,Northern,03-Dec-25,05-Dec-25,193,184,1
D00328,SKU004,Eastern,2025-05-05,08/05/2025,216,215,1
D00533,SKU005,western,05/08/2025,06-Aug-25,216,208,0
D00916,SKU004,Northern,2026-01-04,"Jan 05, 2026",196,194,0
D00401,SKU005,EASTERN,06-Jun-25,08/06/2025,285,280,1
D01066,SKU010,Northern,2026-03-04,07-Mar-26,73,71,0
D00939,SKU003,Greater Accra,03/02/2026,05/02/2026,527,512,0
D01305,SKU009,Greater Accra,2026-07-02,2026-07-05,187,182,1
D00649,SKU001,Gt. Accra,2025-10-05,"Oct 07, 2025",769,741,0
D00200,SKU008,Northern,03/03/2025,06/03/2025,122,116,0
D01384,SKU004,Ashanti,03/08/2026,"Aug 12, 2026",259,190,13
D01503,SKU003,Volta Region,2026-09-01,2026-09-04,132,127,1
D01248,SKU012,Ashanti,2026-06-09,2026-06-11,495,477,2
D00481,SKU001,northern,01/07/2025,"Jul 04, 2025",421,412,2
D00515,SKU011,Greater Accra,2025-08-05,2025-08-08,399,379,0
D01327,SKU007,Western,05/07/2026,2026-07-09,213,204,2
D01446,SKU006,Greater Accra,2026-09-03,06/09/2026,753,727,1
D00640,SKU004,volta,2025-09-03,07/09/2025,102,98,1
D00183,SKU003,Eastern,2025-03-07,2025-03-09,306,293,0
D01207,SKU007,Northern,2026-05-03,2026-05-05,164,160,0
D00934,SKU010,Volta,05-Jan-26,07/01/2026,192,189,1
D00895,SKU007,Western,2026-01-05,07/01/2026,282,270,0
D00186,SKU006,Eastern,2025-03-09,2025-03-11,202,194,0
D00532,SKU004,Western,03-Aug-25,"Aug 05, 2025",358,350,0
D01157,SKU005,Greater Accra,03/05/2026,2026-05-06,580,562,0
D00690,SKU006,Eastern,2025-10-07,11/10/2025,301,290,3
D00746,SKU002,Western,2025-11-02,2025-11-04,439,430,2
D00765,SKU009,Eastern,07-Nov-25,2025-11-09,236,224,1
D00846,SKU006,Northern,2025-12-02,2025-12-05,283,273,1
D01259,SKU011,Western,06/06/2026,2026-06-08,265,251,2
D00486,SKU006,Northern,2025-07-05,"Jul 07, 2025",186,182,1
D00297,SKU009,Greater Accra,07/05/2025,2025-05-12,502,491,0
D01044,SKU012,Western,2026-03-03,2026-03-05,511,493,2
D00374,SKU002,Ashanti,2025-06-09,2025-06-11,466,458,1
D01005,SKU009,Volta,2026-02-02,"Feb 05, 2026",45,44,0
D00561,SKU009,Northern,2025-08-04,07/08/2025,126,120,2
D00608,SKU008,Western,02/09/2025,2025-09-05,430,422,1
D01509,SKU009,volta,2026-09-03,2026-09-06,37,36,2
D01460,SKU008,Ashanti,2026-09-08,10/09/2026,652,631,0
D01431,SKU003,volta,2026-08-01,2026-08-05,120,119,2
D00117,SKU009,Eastern,2025-02-04,2025-02-07,298,288,1
D00149,SKU005,greater accra,2025-03-08,2025-03-10,751,743,1
D00822,SKU006,Western,2025-12-08,"Dec 12, 2025",575,551,1
D00798,SKU006,Greater Accra,2025-12-08,11/12/2025,466,449,N/A
D01442,SKU002,Greater Accra,06/09/2026,08-Sep-26,714,703,1
D01271,SKU011,Eastern,2026-06-03,06/06/2026,192,189,0
D01242,SKU006,Ashanti,01/06/2026,2026-06-03,302,293,2
D01136,SKU008,Northern,09/04/2026,2026-04-12,276,274,0
D00714,SKU006,Volta,2025-10-09,2025-10-11,181,174,0
D01366,SKU010,Volta,2026-07-03,04-Jul-26,162,160,2
D00038,SKU002,Eastern Region,2025-01-09,2025-01-12,281,279,N/A
D01143,SKU003,Volta,04/04/2026,2026-04-10,123,117,0
D01258,SKU010,Western,06-Jun-26,2026-06-08,522,497,2
D00336,SKU012,Eastern,2025-05-05,2025-05-07,118,117,1
D00024,SKU012,Ashanti,04/01/2025,2025-01-07,360,346,0
D01283,SKU011,Northern,2026-06-04,2026-06-06,311,303,0
D01334,SKU002,EASTERN,2026-07-03,06/07/2026,547,520,0
D00603,SKU003,Western,02/09/2025,2025-09-03,321,315,0
D00845,SKU005,Northern,2025-12-08,2025-12-10,211,204,1
D00877,SKU001,Ashanti,2026-01-08,10/01/2026,895,891,1
D00541,SKU001,Eastern,04-Aug-25,2025-08-06,390,380,0
D01480,SKU004,Eastern,2026-09-06,"Sep 10, 2026",350,345,0
D00208,SKU004,Volta,2025-03-08,2025-03-10,149,147,0
D00144,SKU012,Volta,02/02/2025,03/02/2025,129,127,0
D01106,SKU002,Western,2026-04-02,2026-04-04,444,441,0
D00570,SKU006,Volta,2025-08-02,2025-08-04,182,178,2
D01477,SKU001,EASTERN,2026-09-06,2026-09-08,558,N/A,0
D00122,SKU002,Northern,2025-02-02,04-Feb-25,423,405,1
D00978,SKU006,Eastern,03-Feb-26,2026-02-04,501,495,0
D00455,SKU011,Ashanti,01-Jul-25,2025-07-03,282,279,1
D00495,SKU003,Volta,2025-07-08,09/07/2025,69,66,0
D01051,SKU007,Eastern,03-Mar-26,2026-03-06,384,383,2
D00501,SKU009,Volta,2025-07-09,2025-07-13,173,N/A,2
D00755,SKU011,Western,2025-11-09,2025-11-10,393,382,0
D00993,SKU009,northern,02/02/2026,06/02/2026,137,131,1
D00397,SKU001,Eastern,2025-06-09,2025-06-11,342,326,0
D01418,SKU002,Northern,01/08/2026,2026-08-03,289,283,1
D00590,SKU002,Ashanti,2025-09-05,2025-09-07,352,351,0
D01476,SKU012,western,2026-09-06,2026-09-07,420,404,1
D00796,SKU004,Accra,06/12/2025,2025-12-09,649,646,0
D00648,SKU012,Volta,07/09/2025,09-Sep-25,182,175,0
D01343,SKU011,Eastern,04/07/2026,2026-07-06,269,255,0
D01243,SKU007,Ashanti,2026-06-08,"Jun 11, 2026",459,445,1
D01360,SKU004,Volta,2026-07-03,2026-07-06,152,150,0
D01321,SKU001,Western,2026-07-04,2026-07-06,742,716,0
D01013,SKU005,Greater Accra,"Mar 04, 2026",2026-03-06,768,740,0
D00973,SKU001,EASTERN,04/02/2026,2026-02-06,248,242,1
D00948,SKU012,Accra,"Feb 05, 2026","Feb 07, 2026",558,532,2
D00913,SKU001,Northern,"Jan 04, 2026",2026-01-05,155,147,1
D00461,SKU005,western,2025-07-07,2025-07-09,407,400,1
D00285,SKU009,Volta,02/04/2025,04/04/2025,169,161,0
D01047,SKU003,Eastern,2026-03-08,12/03/2026,311,307,1
D01252,SKU004,Western,2026-06-06,2026-06-09,247,241,0
D00721,SKU001,greater accra,05/11/2025,2025-11-06,838,816,1
D01027,SKU007,Ashanti,2026-03-09,12-Mar-26,572,563,2
D00549,SKU009,Eastern,2025-08-06,2025-08-10,89,87,1
D01054,SKU010,Eastern,2026-03-08,2026-03-11,511,491,0
D00499,SKU007,Volta,07/07/2025,10/07/2025,29,27,1
D00921,SKU009,Northern Region ,08-Jan-26,2026-01-10,36,35,0
D01402,SKU010,Western,05-Aug-26,10/08/2026,295,288,0
D01030,SKU010,ASHANTI,03-Mar-26,2026-03-06,312,302,0
D01306,SKU010,Greater Accra,2026-07-06,2026-07-08,396,393,0
D01057,SKU001,Northern,08-Mar-26,09/03/2026,259,252,2
D00422,SKU002,Volta,07-Jun-25,2025-06-09,137,130,0
D00157,SKU001,Ashanti,2025-03-03,05/03/2025,625,607,0
D00565,SKU001,Volta,2025-08-03,06-Aug-25,189,184,1
D00520,SKU004,Ashanti,03/08/2025,2025-08-04,512,487,3
D00871,SKU007,Greater Accra,"Jan 04, 2026",2026-01-06,291,280,0
D01473,SKU009,Western,2026-09-06,2026-09-10,214,206,1
D00611,SKU011,western,01-Sep-25,04/09/2025,394,377,1
D00587,SKU011,Greater Accra,"Sep 06, 2025",2025-09-08,572,565,1
D00260,SKU008,Eastern,2025-04-01,05/04/2025,279,267,1
D00298,SKU010,Greater Accra,2025-05-07,2025-05-09,464,459,0
D00554,SKU002,Northern,2025-08-09,12/08/2025,333,328,0
D01035,SKU003,Western,2026-03-08,2026-03-11,466,450,0
D00692,SKU008,Eastern,2025-10-06,2025-10-09,430,419,0
D01032,SKU012,ASHANTI,"Mar 01, 2026",2026-03-04,531,530,1
D01233,SKU009,Greater Accra,2026-06-06,2026-06-09,483,476,1
D00843,SKU003,Northern,2025-12-01,2025-12-04,148,146,0
D01400,SKU008,Western,02/08/2026,04-Aug-26,390,389,1
D00292,SKU004,Greater Accra,04-May-25,2025-05-06,395,379,0
D00928,SKU004,Volta,2026-01-05,2026-01-08,145,141,0
D01074,SKU006,Volta,04/03/2026,2026-03-06,64,61,2
D00687,SKU003,Eastern,2025-10-02,2025-10-04,270,257,1
D00449,SKU005,Ashanti,2025-07-01,2025-07-03,508,496,1
D00053,SKU005,Northern,01/01/2025,04-Jan-25,78,74,1
D00309,SKU009,Ashanti,06-May-25,2025-05-08,124,120,0
D01340,SKU008,Eastern,2026-07-04,2026-07-05,430,419,0
D00489,SKU009,Northern,05/07/2025,2025-07-07,200,194,1
D00592,SKU004,Ashanti,2025-09-06,2025-09-07,460,449,1
D00743,SKU011,Ashanti,03/11/2025,2025-11-04,337,325,1
D00960,SKU012,Ashanti,03-Feb-26,2026-02-05,553,544,0
D00639,SKU003,Volta,"Sep 05, 2025",2025-09-07,151,N/A,0
D00120,SKU012,Eastern,2025-02-08,09/02/2025,442,431,2
D01406,SKU002,EASTERN,01/08/2026,03-Aug-26,424,407,0
D00001,SKU001,Greater Accra,08/01/2025,2025-01-09,737,711,2
D00654,SKU006,greater accra,06/10/2025,09/10/2025,820,811,1
D00087,SKU003,ashanti region,2025-02-06,2025-02-08,254,249,0
D00172,SKU004,Western,2025-03-07,"Mar 09, 2025",328,316,1
D00866,SKU002,Greater Accra,2026-01-08,2026-01-10,507,490,2
D00028,SKU004,Western,07/01/2025,2025-01-09,448,433,1
D00786,SKU006,Volta,03-Nov-25,"Nov 06, 2025",140,139,0
D00747,SKU003,Western Region,2025-11-09,2025-11-12,388,377,1
D00749,SKU005,western,04/11/2025,07/11/2025,432,427,1
D00580,SKU004,Greater Accra,2025-09-06,08-Sep-25,597,574,0
D01277,SKU005,Northern,06/06/2026,07-Jun-26,161,158,0
D00553,SKU001,Northern,09/08/2025,2025-08-11,308,294,1
D01444,SKU004,Greater Accra,2026-09-05,2026-09-06,934,904,3
D00936,SKU012,Volta,06-Jan-26,2026-01-09,163,161,1
D01156,SKU004,Greater Accra,06-May-26,2026-05-08,506,498,1
D00627,SKU003,Northern,"Sep 02, 2025",03/09/2025,126,121,2
D00566,SKU002,Volta,2025-08-04,06/08/2025,227,225,1
D01150,SKU010,volta,04/04/2026,06/04/2026,141,140,2
D00010,SKU010,Greater Accra,2025-01-06,2025-01-09,810,808,0
D01103,SKU011,Ashanti,05/04/2026,2026-04-08,588,568,0
D00914,SKU002,Northern,2026-01-05,2026-01-08,242,235,1
D00809,SKU005,Ashanti,2025-12-07,2025-12-10,578,558,0
D00544,SKU004,Eastern,05/08/2025,2025-08-08,334,330,0
D01289,SKU005,Volta Region,2026-06-09,12/06/2026,168,165,0
D00588,SKU012,GREATER ACCRA,2025-09-03,2025-09-05,735,715,1
D01079,SKU011,Volta,2026-03-08,2026-03-10,168,165,1
D00389,SKU005,Western,2025-06-07,2025-06-08,288,282,0
D01377,SKU009,Greater Accra,2026-08-06,08/08/2026,283,271,1
D00251,SKU011,Western,2025-04-04,06-Apr-25,357,350,1
D00444,SKU012,Greater Accra,04-Jul-25,2025-07-05,439,428,1
D00166,SKU010,Ashanti,2025-03-05,2025-03-08,553,529,0
D00506,SKU002,Greater Accra,2025-08-01,03/08/2025,315,304,0
D00265,SKU001,Northern,07/04/2025,11/04/2025,237,236,0
D00052,SKU004,Northern,2025-01-06,2025-01-07,94,91,0
D00108,SKU012,Western,2025-02-02,05/02/2025,236,227,0
D01084,SKU004,Greater Accra,"Apr 01, 2026",2026-04-02,694,687,0
D00479,SKU011,EASTERN,2025-07-04,07-Jul-25,86,84,0
D01265,SKU005,Eastern,08/06/2026,2026-06-11,302,294,2
D00500,SKU008,Volta,08/07/2025,2025-07-11,433,425,1
D01206,SKU006,northern,"May 04, 2026",05/05/2026,279,275,0
D01141,SKU001,Volta,2026-04-06,09/04/2026,242,236,0
D00467,SKU011,Western Region,2025-07-09,2025-07-12,155,151,1
D00970,SKU010,Western,2026-02-01,2026-02-03,239,230,1
D00712,SKU004,volta,05/10/2025,2025-10-08,223,N/A,1
D01003,SKU007,Volta,"Feb 08, 2026",10/02/2026,96,91,0
D00750,SKU006,Western,02/11/2025,2025-11-06,289,284,1
D00199,SKU007,Northern Region ,2025-03-08,2025-03-12,155,151,2
D01081,SKU001,Greater Accra,"Apr 02, 2026",2026-04-04,1131,1122,2
D01304,SKU008,Greater Accra,2026-07-05,09/07/2026,405,389,0
D01356,SKU012,Northern,03/07/2026,2026-07-04,297,292,1
D00191,SKU011,Eastern,01/03/2025,03/03/2025,246,236,0
D01215,SKU003,Volta,2026-05-07,2026-05-09,98,95,0
D01247,SKU011,Ashanti,2026-06-07,2026-06-09,463,449,1
D01139,SKU011,Northern,2026-04-06,2026-04-10,218,210,2
D00152,SKU008,greater accra,06/03/2025,2025-03-10,780,772,1
D00188,SKU008,Eastern,"Mar 07, 2025",10/03/2025,328,314,1
D01098,SKU006,Ashanti,2026-04-05,09/04/2026,633,617,1
D00730,SKU010,greater accra,2025-11-02,2025-11-04,453,444,1
D00241,SKU001,western,07/04/2025,2025-04-09,429,412,1
D00146,SKU002,Greater Accra,03-Mar-25,2025-03-06,919,902,1
D00563,SKU011,Northern,2025-08-03,"Aug 07, 2025",186,183,1
D00256,SKU004,Eastern,03-Apr-25,2025-04-06,327,311,0
D00096,SKU012,Ashanti,2025-02-04,"Feb 06, 2025",384,376,0
D01396,SKU004,Western,2026-08-03,05/08/2026,385,370,1
D01395,SKU003,Western,04/08/2026,2026-08-07,275,267,1
D00413,SKU005,Northern Region ,2025-06-06,07-Jun-25,414,406,1
D01186,SKU010,Western,2026-05-07,2026-05-09,501,496,0
D00427,SKU007,Volta,2025-06-06,2025-06-08,200,196,1
D00244,SKU004,western,2025-04-07,2025-04-11,557,529,1
D00681,SKU009,Western,02-Oct-25,2025-10-05,247,237,1
D01441,SKU001,Greater Accra,2026-09-09,11/09/2026,942,922,0
D00344,SKU008,Northern Region ,02/05/2025,04/05/2025,142,136,0
D00955,SKU007,Ashanti,2026-02-03,05/02/2026,241,233,0
D01347,SKU003,Northern,2026-07-04,05/07/2026,244,243,0
D01055,SKU011,EASTERN,09/03/2026,2026-03-12,139,135,1
D01398,SKU006,Western,2026-08-02,2026-08-06,256,245,0
D00860,SKU008,Volta,2025-12-08,09/12/2025,439,432,0
D00707,SKU011,northern,04/10/2025,"Oct 07, 2025",169,167,0
D00057,SKU009,Northern,2025-01-05,07-Jan-25,72,71,0
D00423,SKU003,Volta,2025-06-06,2025-06-09,88,83,0
D00150,SKU006,Greater Accra,"Mar 08, 2025",09/03/2025,320,308,0
D00534,SKU006,Western Region,05/08/2025,06/08/2025,557,529,0
D00184,SKU004,Eastern Region,04/03/2025,06/03/2025,85,81,1
D01025,SKU005,Ashanti,2026-03-09,2026-03-11,604,603,0
D01412,SKU008,Eastern,2026-08-04,07/08/2026,295,289,1
D01151,SKU011,Volta,06/04/2026,2026-04-08,225,215,0
D01319,SKU011,Ashanti,2026-07-03,07/07/2026,418,402,2
D01069,SKU001,Volta,2026-03-06,2026-03-08,384,380,0
D00947,SKU011,Greater Accra,03/02/2026,07/02/2026,325,310,0
D01338,SKU006,EASTERN,09/07/2026,2026-07-12,190,182,1
D00952,SKU004,ashanti region,08/02/2026,2026-02-11,197,190,1
D00824,SKU008,Western,07/12/2025,10/12/2025,383,370,2
D00110,SKU002,Eastern,2025-02-04,"Feb 09, 2025",274,260,4
D01083,SKU003,Greater Accra,06/04/2026,08/04/2026,451,450,1
D00394,SKU010,Western,2025-06-01,2025-06-03,416,415,0
D00819,SKU003,Western,2025-12-09,2025-12-10,396,384,0
D00457,SKU001,Western,2025-07-05,2025-07-06,598,584,0
D00361,SKU001,Greater Accra,02/06/2025,2025-06-03,664,645,1
D00710,SKU002,Volta,2025-10-01,2025-10-03,142,137,1
D00440,SKU008,GREATER ACCRA,2025-07-01,2025-07-05,554,551,0
D00175,SKU007,Western,"Mar 03, 2025",2025-03-05,241,237,0
D01147,SKU007,Volta Region,2026-04-08,2026-04-12,145,139,0
