rep_id,month,target_amount
R01,Jan-2025,"109,760"
R01,2025-02,"108,440"
R01,2025-03,"102,910"
R01,Apr-2025,"109,640"
R01,May-2025,"134,440"
R01,Jun-2025,"92,780"
R01,2025-07,"149,480"
R01,Aug-2025,"82,630"
R01,2025-09,"117,400"
R01,2025-10,"92,790"
R01,2025-11,"106,520"
R01,Dec-2025,"158,810"
R01,Jan-2026,"113,670"
R01,Feb-2026,"125,290"
R01,Mar-2026,"105,340"
R01,Apr-2026,"143,530"
R01,2026-05,"101,390"
R01,Jun-2026,"157,670"
R01,Jul-2026,"148,610"
R01,Aug-2026,"122,150"
R01,Sep-2026,"147,400"
R02,Jan-2025,"100,870"
R02,Feb-2025,"107,650"
R02,Mar-2025,"101,830"
R02,Apr-2025,"112,350"
R02,May-2025,"127,480"
R02,Jun-2025,"116,160"
R02,Jul-2025,"119,700"
R02,Aug-2025,"132,630"
R02,Sep-2025,"140,810"
R02,Oct-2025,"122,670"
R02,Nov-2025,"116,100"
R02,Dec-2025,"107,390"
R02,Jan-2026,"116,550"
R02,Feb-2026,"101,120"
R02,Mar-2026,"155,390"
R02,Apr-2026,"120,780"
R02,May-2026,"128,470"
R02,Jun-2026,"138,790"
R02,Jul-2026,"102,550"
R02,Aug-2026,"150,150"
R02,Sep-2026,"166,220"
R03,Jan-2025,"95,150"
R03,2025-02,"99,670"
R03,Mar-2025,"110,070"
R03,Apr-2025,"95,720"
R03,2025-05,"138,940"
R03,Jun-2025,"98,950"
R03,Jul-2025,"121,220"
R03,2025-08,"93,260"
R03,Sep-2025,"125,010"
R03,Oct-2025,"134,280"
R03,Nov-2025,"162,820"
R03,Dec-2025,"148,430"
R03,Jan-2026,"115,670"
R03,2026-02,"98,560"
R03,Mar-2026,"146,110"
R03,2026-04,"191,310"
R03,May-2026,"158,350"
R03,Jun-2026,"117,510"
R03,2026-07,"109,550"
R03,Aug-2026,"136,890"
R03,Sep-2026,"165,750"
R04,2025-01,"90,170"
R04,2025-02,"86,120"
R04,Mar-2025,"102,320"
R04,2025-04,"86,330"
R04,May-2025,"78,100"
R04,Jun-2025,"104,410"
R04,Jul-2025,"90,540"
R04,2025-08,"129,170"
R04,Sep-2025,"107,830"
R04,Oct-2025,"148,190"
R04,Nov-2025,"102,130"
R04,Dec-2025,"132,080"
R04,2026-01,"65,320"
R04,Feb-2026,"149,180"
R04,Mar-2026,"117,110"
R04,Apr-2026,"110,930"
R04,May-2026,"145,720"
R04,Jun-2026,"107,170"
R04,Jul-2026,"124,530"
R04,Aug-2026,"92,800"
R04,Sep-2026,"145,880"
R05,Jan-2025,"72,140"
R05,Feb-2025,"72,890"
R05,Mar-2025,"81,810"
R05,Apr-2025,"144,400"
R05,May-2025,"120,480"
R05,Jun-2025,"109,170"
R05,Jul-2025,"126,890"
R05,Aug-2025,"94,930"
R05,Sep-2025,"103,830"
R05,2025-10,"128,360"
R05,Nov-2025,"111,280"
R05,Dec-2025,"126,020"
R05,Jan-2026,"114,900"
R05,Feb-2026,"81,180"
R05,Mar-2026,"131,270"
R05,Apr-2026,"131,460"
R05,2026-05,"116,370"
R05,2026-06,"91,440"
R05,Jul-2026,
R05,Aug-2026,"134,220"
R05,Sep-2026,"127,760"
R06,Jan-2025,"74,600"
R06,Feb-2025,"93,780"
R06,2025-03,"73,900"
R06,Apr-2025,"112,860"
R06,May-2025,
R06,Jun-2025,"91,530"
R06,Jul-2025,"75,750"
R06,Aug-2025,"95,340"
R06,2025-09,"129,640"
R06,2025-10,"91,490"
R06,2025-11,
R06,Dec-2025,"123,670"
R06,Jan-2026,"163,280"
R06,Feb-2026,"99,300"
R06,Mar-2026,"125,060"
R06,2026-04,"114,820"
R06,May-2026,"131,810"
R06,Jun-2026,"123,780"
R06,Jul-2026,"129,460"
R06,Aug-2026,"98,130"
R06,Sep-2026,"125,580"
R07,Jan-2025,"100,030"
R07,Feb-2025,"83,770"
R07,Mar-2025,"88,590"
R07,Apr-2025,"89,740"
R07,May-2025,"110,890"
R07,Jun-2025,"103,150"
R07,Jul-2025,"93,700"
R07,2025-08,"112,050"
R07,Sep-2025,
R07,Oct-2025,"107,660"
R07,Nov-2025,"99,880"
R07,Dec-2025,"166,330"
R07,Jan-2026,"107,140"
R07,Feb-2026,"85,970"
R07,Mar-2026,"112,630"
R07,Apr-2026,"152,110"
R07,May-2026,
R07,Jun-2026,"143,570"
R07,2026-07,"96,310"
R07,Aug-2026,"102,370"
R07,Sep-2026,"164,560"
R08,Jan-2025,"62,080"
R08,Feb-2025,"66,680"
R08,Mar-2025,"53,120"
R08,Apr-2025,"80,190"
R08,May-2025,"55,660"
R08,Jun-2025,"80,500"
R08,Jul-2025,"65,550"
R08,Aug-2025,"80,850"
R08,Sep-2025,"78,740"
R08,Oct-2025,"67,530"
R08,Nov-2025,"67,690"
R08,Dec-2025,"95,350"
R08,Jan-2026,"67,860"
R08,Feb-2026,"66,800"
R08,Mar-2026,"73,470"
R08,Apr-2026,"68,470"
R08,2026-05,"87,640"
R08,2026-06,"66,180"
R08,Jul-2026,"83,900"
R08,Aug-2026,"77,290"
R08,2026-09,"103,150"
R09,Jan-2025,"67,530"
R09,Feb-2025,"51,120"
R09,2025-03,"61,830"
R09,Apr-2025,"127,660"
R09,May-2025,"75,380"
R09,Jun-2025,"82,840"
R09,Jul-2025,"82,500"
R09,Aug-2025,"50,270"
R09,Sep-2025,"65,440"
R09,Oct-2025,"97,280"
R09,Nov-2025,"85,240"
R09,2025-12,"91,050"
R09,Jan-2026,"56,600"
R09,Feb-2026,"85,420"
R09,Mar-2026,"99,110"
R09,Apr-2026,"97,310"
R09,2026-05,"92,090"
R09,Jun-2026,"102,530"
R09,Jul-2026,"85,580"
R09,Aug-2026,"119,740"
R09,Sep-2026,"72,630"
R10,Jan-2025,"95,240"
R10,2025-02,"82,880"
R10,Mar-2025,"99,500"
R10,2025-04,"111,940"
R10,May-2025,"62,680"
R10,2025-06,"92,930"
R10,Jul-2025,"95,010"
R10,Aug-2025,"86,750"
R10,Sep-2025,"88,940"
R10,2025-10,"117,240"
R10,Nov-2025,"123,140"
R10,Dec-2025,"129,660"
R10,Jan-2026,"117,850"
R10,Feb-2026,"122,160"
R10,Mar-2026,"94,360"
R10,Apr-2026,"123,070"
R10,May-2026,"144,850"
R10,Jun-2026,"119,630"
R10,Jul-2026,"124,230"
R10,2026-08,"86,780"
R10,Sep-2026,"141,060"
R11,Jan-2025,"52,480"
R11,Feb-2025,"66,030"
R11,2025-03,"64,260"
R11,Apr-2025,"68,510"
R11,May-2025,"45,890"
R11,Jun-2025,"52,520"
R11,2025-07,"68,390"
R11,2025-08,"71,870"
R11,2025-09,"68,160"
R11,Oct-2025,"65,460"
R11,Nov-2025,"62,860"
R11,Dec-2025,"155,570"
R11,Jan-2026,"60,910"
R11,2026-02,"84,720"
R11,Mar-2026,"70,550"
R11,Apr-2026,"86,810"
R11,2026-05,"69,380"
R11,Jun-2026,"67,070"
R11,Jul-2026,"81,940"
R11,Aug-2026,"80,380"
R11,Sep-2026,"71,300"
R12,Jan-2025,"48,690"
R12,2025-02,"75,880"
R12,Mar-2025,"54,770"
R12,2025-04,"82,840"
R12,2025-05,"43,160"
R12,2025-06,"46,990"
R12,Jul-2025,"61,780"
R12,Aug-2025,"30,270"
R12,Sep-2025,"57,380"
R12,Oct-2025,"105,500"
R12,Nov-2025,"59,720"
R12,2025-12,"94,750"
R12,2026-01,"53,520"
R12,Feb-2026,"85,400"
R12,2026-03,"75,210"
R12,Apr-2026,"80,500"
R12,2026-05,"57,230"
R12,Jun-2026,"89,690"
R12,Jul-2026,"60,540"
R12,2026-08,"85,880"
R12,Sep-2026,"88,800"
R13,Jan-2025,"56,750"
R13,Feb-2025,"74,780"
R13,2025-03,"75,140"
R13,Apr-2025,"48,450"
R13,May-2025,"58,190"
R13,Jun-2025,"73,140"
R13,Jul-2025,"66,460"
R13,2025-08,"66,490"
R13,Sep-2025,"70,000"
R13,Oct-2025,"63,160"
R13,Nov-2025,"54,070"
R13,Dec-2025,"96,370"
R13,Jan-2026,"39,580"
R13,2026-02,"51,070"
R13,Mar-2026,"58,170"
R13,Apr-2026,"61,330"
R13,May-2026,"58,670"
R13,Jun-2026,"53,920"
R13,Jul-2026,"62,600"
R13,Aug-2026,"76,730"
R13,Sep-2026,"84,570"
R14,Jan-2025,"50,070"
R14,Feb-2025,"81,690"
R14,Mar-2025,"42,130"
R14,Apr-2025,"69,270"
R14,2025-05,"31,070"
R14,Jun-2025,"48,790"
R14,Jul-2025,"94,110"
R14,2025-08,"50,350"
R14,Sep-2025,"54,230"
R14,Oct-2025,"68,830"
R14,Nov-2025,"69,530"
R14,2025-12,"68,940"
R14,2026-01,"54,920"
R14,2026-02,"88,310"
R14,Mar-2026,"78,320"
R14,2026-04,"73,970"
R14,2026-05,"52,450"
R14,Jun-2026,"65,160"
R14,2026-07,"46,000"
R14,Aug-2026,"82,030"
R14,2026-09,"69,640"
R15,Jan-2025,"25,550"
R15,Feb-2025,"28,100"
R15,Mar-2025,"18,870"
R15,Apr-2025,"18,920"
R15,May-2025,"27,960"
R15,Jun-2025,"24,070"
R15,Jul-2025,"18,530"
R15,Aug-2025,"25,490"
R15,Sep-2025,"29,080"
R15,Oct-2025,"26,810"
R15,Nov-2025,"20,840"
R15,Dec-2025,"40,680"
R15,Jan-2026,"21,500"
R15,Feb-2026,"22,230"
R15,Mar-2026,"27,800"
R15,Apr-2026,"22,320"
R15,May-2026,"31,730"
R15,Jun-2026,"18,100"
R15,Jul-2026,"31,120"
R15,2026-08,"30,590"
R15,Sep-2026,"39,990"
R16,Jan-2025,"39,980"
R16,Feb-2025,"49,930"
R16,2025-03,"64,730"
R16,Apr-2025,"60,510"
R16,May-2025,"62,850"
R16,2025-06,"41,820"
R16,Jul-2025,"67,310"
R16,Aug-2025,"42,680"
R16,Sep-2025,"70,170"
R16,Oct-2025,"61,130"
R16,2025-11,"57,330"
R16,Dec-2025,"87,870"
R16,Jan-2026,"51,130"
R16,Feb-2026,"64,240"
R16,Mar-2026,"56,570"
R16,Apr-2026,"70,220"
R16,May-2026,"64,160"
R16,Jun-2026,"48,200"
R16,Jul-2026,"78,200"
R16,Aug-2026,"69,620"
R16,Sep-2026,"55,800"
R17,2025-01,"36,200"
R17,Feb-2025,"49,420"
R17,2025-03,"44,030"
R17,2025-04,"74,700"
R17,2025-05,"66,140"
R17,2025-06,"38,240"
R17,2025-07,"47,720"
R17,Aug-2025,"63,000"
R17,Sep-2025,"29,910"
R17,Oct-2025,"50,360"
R17,Nov-2025,"68,700"
R17,Dec-2025,"94,930"
R17,Jan-2026,"47,310"
R17,2026-02,"53,560"
R17,Mar-2026,"53,680"
R17,2026-04,"70,000"
R17,May-2026,"66,120"
R17,Jun-2026,"55,120"
R17,Jul-2026,"52,470"
R17,Aug-2026,"75,710"
R17,Sep-2026,"61,030"
R18,Jan-2025,"29,470"
R18,Feb-2025,"30,870"
R18,2025-03,"25,750"
R18,Apr-2025,"26,000"
R18,May-2025,"26,430"
R18,Jun-2025,"23,250"
R18,Jul-2025,"28,510"
R18,Aug-2025,"25,210"
R18,Sep-2025,"26,140"
R18,Oct-2025,"40,190"
R18,Nov-2025,"35,790"
R18,Dec-2025,"28,860"
R18,2026-01,"22,570"
R18,Feb-2026,"24,260"
R18,Mar-2026,"24,710"
R18,Apr-2026,
R18,May-2026,"30,520"
R18,Jun-2026,"32,840"
R18,Jul-2026,"19,500"
R18,Aug-2026,"37,150"
R18,Sep-2026,"28,360"
