rep_id,rep_name,region,hire_date
R01,KWAME MENSAH,Greater Accra,2019-10-11
R02,Ama Serwaa,GREATER ACCRA,15-May-20
R03,Kofi Boateng,GREATER ACCRA,2019-09-21
R04,Akosua Owusu,ashanti region,2020-02-12
R05,YAW DARKO,Ashanti,2023-03-17
R06, abena frimpong,Ashanti,04/08/2021
R07,Kwesi Appiah,Western Region,2019-06-14
R08,Efua Quaye,Western,2021-02-14
R09,NII LAMPTEY,Western Region,02/05/2020
R10,Esi Ansah,Eastern,2022-04-08
R11, mohammed alhassan,Eastern,03/02/2023
R12,Fatima Iddrisu,Eastern,24/01/2019
R13,SELORM AGBENYO,Northern,2021-04-18
R14,Mawuli Tetteh,Northern,2021-03-16
R15,Edem Kporha,Northern,19/11/2023
R16, kojo antwi,Volta,2020-10-19
R17,ADJOA BONSU,Volta Region,2019-10-25
R18,Issah Mumuni,Volta,18/12/2019
